{"type":"FeatureCollection","features":[{"type":"Feature","properties":{"name":"El Hierro"},"geometry":{"type":"Polygon","coordinates":[[[-18.1608733,27.7169837],[-18.1608718,27.7169288],[-18.1608604,27.7169],[-18.1608337,27.7168768],[-18.1606615,27.7167934],[-18.1606122,27.7167475],[-18.1606209,27.7166365],[-18.1606572,27.7165545],[-18.1607202,27.7164818],[-18.1607854,27.716438],[-18.1608096,27.7164061],[-18.1608032,27.7163513],[-18.1607502,27.7162093],[-18.1607283,27.7161857],[-18.1607019,27.7161779],[-18.1606022,27.7161966],[-18.1605335,27.7162243],[-18.1604786,27.7162203],[-18.1602278,27.7160781],[-18.1601624,27.7160168],[-18.1600978,27.7159887],[-18.1600359,27.7159314],[-18.1599334,27.71589],[-18.1599142,27.7158724],[-18.159916,27.7158491],[-18.1599344,27.7158296],[-18.160097,27.7157047],[-18.1600948,27.7156882],[-18.1600347,27.7156253],[-18.1600311,27.7155578],[-18.160053,27.7155212],[-18.1601066,27.7154854],[-18.1601095,27.7153843],[-18.1600888,27.7153404],[-18.160045,27.7153059],[-18.1599887,27.7152896],[-18.1598752,27.7152797],[-18.1598452,27.7152513],[-18.1598571,27.7152407],[-18.1600015,27.715219],[-18.1600664,27.7151515],[-18.1601983,27.7151051],[-18.1602532,27.7150507],[-18.1602481,27.7149857],[-18.1602253,27.7149541],[-18.1601884,27.7149369],[-18.1601163,27.7149269],[-18.1599649,27.7149303],[-18.159928,27.7149469],[-18.1599064,27.7149721],[-18.1599021,27.7150049],[-18.1599346,27.7151469],[-18.1599267,27.7151702],[-18.1599025,27.7151787],[-18.1597072,27.7151424],[-18.1596685,27.7151444],[-18.1596384,27.7151538],[-18.1595494,27.7152201],[-18.1594851,27.7152124],[-18.1594714,27.7151927],[-18.1594815,27.7151684],[-18.1595341,27.7151171],[-18.1595557,27.715069],[-18.1594982,27.7150162],[-18.159389,27.7149728],[-18.1593809,27.7149256],[-18.1594082,27.7148593],[-18.1593758,27.7147848],[-18.1594555,27.7146192],[-18.1594394,27.7145795],[-18.1593786,27.7145613],[-18.1592442,27.7145616],[-18.1591549,27.7145638],[-18.1590574,27.714608],[-18.1589854,27.714604],[-18.1588441,27.7145729],[-18.1587682,27.7145302],[-18.1587782,27.7144821],[-18.1588745,27.7144196],[-18.158895,27.7143347],[-18.1590276,27.7142938],[-18.1590542,27.714268],[-18.1590368,27.7142129],[-18.1589965,27.7141885],[-18.1588563,27.7141828],[-18.1588001,27.7141547],[-18.1587817,27.7141299],[-18.1587433,27.7139597],[-18.1586801,27.7139294],[-18.1585308,27.7138918],[-18.1584666,27.7138184],[-18.1583503,27.7137576],[-18.1582881,27.7136923],[-18.1582868,27.7136239],[-18.1583643,27.7135225],[-18.1583619,27.7134994],[-18.1583044,27.7134637],[-18.1581748,27.7134221],[-18.1580944,27.7133405],[-18.1580673,27.7132521],[-18.1580602,27.7131723],[-18.1580764,27.7131009],[-18.1581196,27.7130117],[-18.1581055,27.712974],[-18.1580836,27.7129599],[-18.1579942,27.7129417],[-18.1578631,27.7128193],[-18.1578111,27.7127315],[-18.1577904,27.7126484],[-18.1577799,27.7125163],[-18.1577474,27.712468],[-18.1574869,27.7123952],[-18.157439,27.7123662],[-18.1574248,27.712343],[-18.1574306,27.7122449],[-18.1575674,27.7121115],[-18.1575769,27.7120853],[-18.157558,27.7120357],[-18.1573504,27.7119503],[-18.1572483,27.7119458],[-18.1571522,27.7119245],[-18.1570789,27.7118376],[-18.1569139,27.7118894],[-18.1568861,27.7118867],[-18.1568973,27.7118714],[-18.1571164,27.7117574],[-18.1571245,27.7117374],[-18.1571176,27.7117267],[-18.1569978,27.7117014],[-18.1569839,27.711682],[-18.1569931,27.7116538],[-18.1571418,27.7116062],[-18.1571913,27.7115664],[-18.1573607,27.7114773],[-18.1574574,27.7114095],[-18.1574977,27.711354],[-18.1575041,27.7113228],[-18.1574942,27.7112729],[-18.1574686,27.7112454],[-18.1573617,27.7112118],[-18.1572773,27.7112162],[-18.1570979,27.711291],[-18.1568172,27.7114843],[-18.1568045,27.7115081],[-18.1567926,27.7116638],[-18.1567686,27.7116874],[-18.15674,27.7116755],[-18.1567137,27.7116343],[-18.1566921,27.7115412],[-18.1566615,27.7114756],[-18.1566331,27.7114305],[-18.1566085,27.7114171],[-18.1565228,27.7114101],[-18.1563706,27.7114641],[-18.1563115,27.7114637],[-18.1562635,27.7114433],[-18.1562342,27.711404],[-18.1561792,27.7113302],[-18.1561807,27.7112717],[-18.1561984,27.7112273],[-18.1564102,27.7110842],[-18.1564873,27.7110025],[-18.156752,27.710799],[-18.1567829,27.710749],[-18.156777,27.7107099],[-18.156761,27.7106904],[-18.1566728,27.7106527],[-18.1565984,27.7106421],[-18.1565052,27.710649],[-18.1564018,27.7108018],[-18.1563257,27.7108304],[-18.1559105,27.7107863],[-18.1557238,27.710841],[-18.1556656,27.7108416],[-18.1557187,27.7106843],[-18.1557211,27.7106186],[-18.155701,27.7105755],[-18.1555605,27.710576],[-18.1554128,27.710647],[-18.1553628,27.7106433],[-18.1553376,27.7105809],[-18.1553301,27.7104416],[-18.1552889,27.7103184],[-18.1552813,27.7102454],[-18.1552607,27.7102353],[-18.1551984,27.7102394],[-18.1551262,27.710324],[-18.1551027,27.7103274],[-18.1550984,27.7103167],[-18.1551235,27.710232],[-18.1552353,27.7100767],[-18.1552479,27.7100266],[-18.1553509,27.7099097],[-18.1553624,27.7098867],[-18.1553465,27.7098302],[-18.1553228,27.709811],[-18.1552923,27.7098055],[-18.1550117,27.7098095],[-18.1549478,27.709864],[-18.1548931,27.7099546],[-18.154811,27.709956],[-18.1547032,27.7100121],[-18.1546644,27.7100009],[-18.1546655,27.7099726],[-18.1547288,27.7098891],[-18.1547143,27.7098718],[-18.154608,27.7098429],[-18.1545349,27.7097696],[-18.1544368,27.7097227],[-18.1543778,27.7096748],[-18.1543083,27.7095172],[-18.1543019,27.709394],[-18.1542256,27.7093444],[-18.154293,27.7092161],[-18.1542922,27.7091798],[-18.1542176,27.7091339],[-18.1542098,27.709099],[-18.1541779,27.7090963],[-18.1541056,27.7092009],[-18.1540356,27.7092469],[-18.1539283,27.7092223],[-18.153869,27.7091959],[-18.1537242,27.7090987],[-18.1536168,27.7089795],[-18.1535304,27.7089828],[-18.1534503,27.7090561],[-18.1533807,27.7090357],[-18.1533546,27.7089872],[-18.1533622,27.7089143],[-18.1533055,27.7088429],[-18.153124,27.7088822],[-18.1530359,27.7088761],[-18.1529999,27.7088598],[-18.152836,27.7087313],[-18.1526564,27.7086392],[-18.1525791,27.7085786],[-18.152471,27.7085279],[-18.1524568,27.7084751],[-18.1524275,27.7084395],[-18.1523547,27.7084746],[-18.1522891,27.7084625],[-18.1522718,27.7084397],[-18.152268,27.7083839],[-18.1522538,27.7083685],[-18.1522365,27.7083699],[-18.152185,27.7084229],[-18.1521212,27.7084371],[-18.1521052,27.7084261],[-18.1521377,27.708326],[-18.1521365,27.7083042],[-18.1521242,27.7082994],[-18.1520761,27.7083182],[-18.1520009,27.7083779],[-18.151967,27.7083751],[-18.1519063,27.7082846],[-18.1518859,27.7082789],[-18.1516306,27.7083034],[-18.151546,27.7082754],[-18.1515144,27.7082763],[-18.151389,27.7083039],[-18.1511317,27.7082286],[-18.1509077,27.7082113],[-18.1507552,27.7081767],[-18.1505818,27.7081193],[-18.1505141,27.7080826],[-18.1503652,27.7079907],[-18.1502027,27.7078575],[-18.1501557,27.7078091],[-18.1501537,27.7077872],[-18.1502152,27.7077485],[-18.1502226,27.7077128],[-18.1501915,27.707668],[-18.1501495,27.7076451],[-18.1500381,27.7076289],[-18.1499316,27.7076593],[-18.1498779,27.7076963],[-18.149831,27.7076781],[-18.1498038,27.7076241],[-18.149762,27.7075774],[-18.1495543,27.7074032],[-18.1494775,27.7072496],[-18.1493318,27.7071261],[-18.149268,27.7070055],[-18.1492031,27.7069658],[-18.1491239,27.7068634],[-18.1489898,27.7065611],[-18.1488384,27.7064981],[-18.1487297,27.7064149],[-18.1486776,27.7063473],[-18.1485585,27.706136],[-18.1484536,27.7060109],[-18.1483808,27.7058505],[-18.1482437,27.705807],[-18.1481601,27.70575],[-18.1481134,27.7056954],[-18.1479587,27.7054019],[-18.1478966,27.7052421],[-18.1478898,27.7051866],[-18.1478049,27.7049811],[-18.1478072,27.7049538],[-18.1478361,27.7049101],[-18.1479889,27.7049008],[-18.1480421,27.7048681],[-18.1480417,27.7048272],[-18.1479732,27.7047739],[-18.147833,27.7047687],[-18.1477225,27.7047791],[-18.1476124,27.7048151],[-18.1475505,27.7048101],[-18.1474156,27.7047366],[-18.1472773,27.7046238],[-18.1471613,27.7046305],[-18.1470517,27.7046838],[-18.1470024,27.7046878],[-18.1469187,27.7046282],[-18.1467243,27.7045837],[-18.1466317,27.7045502],[-18.1463877,27.7044263],[-18.1463409,27.7043676],[-18.1462205,27.7043085],[-18.1460531,27.704203],[-18.1460048,27.7041298],[-18.14597,27.7040986],[-18.1457968,27.7039828],[-18.1456973,27.7039787],[-18.1455343,27.7040162],[-18.1450667,27.7040107],[-18.1450319,27.7039862],[-18.145034,27.7038159],[-18.1450047,27.7038127],[-18.1449584,27.703827],[-18.1447855,27.7039331],[-18.1447507,27.7039828],[-18.1446584,27.7039868],[-18.1446236,27.7039768],[-18.1445025,27.7038767],[-18.1444631,27.7038017],[-18.144349,27.7037047],[-18.144326,27.7036489],[-18.1443043,27.7036343],[-18.1441988,27.7036511],[-18.1441189,27.7036462],[-18.1440976,27.7036351],[-18.1440406,27.7035621],[-18.14401,27.7035573],[-18.1439647,27.7035843],[-18.1439038,27.703665],[-18.1438869,27.7037715],[-18.1438445,27.7038105],[-18.1438126,27.7038215],[-18.1436531,27.7038223],[-18.1434234,27.703894],[-18.1432197,27.703892],[-18.143103,27.7038414],[-18.1429676,27.7038817],[-18.1428418,27.7038837],[-18.1427304,27.7038531],[-18.1426242,27.7038541],[-18.1423678,27.7039041],[-18.1418981,27.7038989],[-18.141697,27.7039306],[-18.1416691,27.703927],[-18.1416154,27.703883],[-18.1415602,27.7038606],[-18.1414126,27.703859],[-18.141336,27.7038339],[-18.1412508,27.7038711],[-18.1411129,27.703861],[-18.1409629,27.703772],[-18.1409406,27.7037691],[-18.1408935,27.7037769],[-18.1408387,27.7038451],[-18.1407678,27.7038712],[-18.1406969,27.7038744],[-18.1406115,27.7039352],[-18.1405707,27.7039376],[-18.1405042,27.7039154],[-18.1404514,27.7038784],[-18.1404232,27.7038328],[-18.140417,27.7037909],[-18.1404363,27.7036935],[-18.1404387,27.703598],[-18.1404195,27.703597],[-18.1403263,27.7037429],[-18.1402894,27.7037556],[-18.1402258,27.7037509],[-18.1401739,27.7037298],[-18.1401103,27.7036408],[-18.1400924,27.7036335],[-18.1400211,27.7036402],[-18.1399162,27.7036872],[-18.1398806,27.7036916],[-18.1398487,27.7036815],[-18.1397564,27.7035697],[-18.1396929,27.7035721],[-18.1396362,27.703602],[-18.1395297,27.7036133],[-18.1393657,27.7036571],[-18.1393093,27.7036366],[-18.1392737,27.7035927],[-18.1392247,27.7035698],[-18.1390918,27.7035672],[-18.1390173,27.7035514],[-18.1389307,27.7035105],[-18.1387758,27.703519],[-18.1386075,27.7035683],[-18.1385494,27.7035643],[-18.1385018,27.7035434],[-18.1384697,27.7035111],[-18.1384467,27.7034635],[-18.1384491,27.703376],[-18.138395,27.7033721],[-18.1382623,27.7034361],[-18.1382018,27.7034832],[-18.1381598,27.7034893],[-18.1381211,27.7034481],[-18.1381494,27.7033499],[-18.1381386,27.7033132],[-18.1381191,27.7033051],[-18.1379847,27.7033291],[-18.1379356,27.7033197],[-18.1379101,27.7032984],[-18.1378698,27.7032018],[-18.1378516,27.7031934],[-18.1378034,27.703195],[-18.1377889,27.7032305],[-18.1377913,27.7032871],[-18.1378341,27.703372],[-18.1378071,27.7034136],[-18.1377466,27.7034188],[-18.1376784,27.7033912],[-18.1376717,27.7033092],[-18.1376542,27.7032944],[-18.1376264,27.7032926],[-18.1374562,27.7033279],[-18.1373623,27.7033921],[-18.1372949,27.7033792],[-18.1372188,27.7033377],[-18.137195,27.7033398],[-18.1371397,27.7033755],[-18.1370806,27.7033785],[-18.1370096,27.7033994],[-18.1369831,27.7034002],[-18.1369587,27.7033798],[-18.1369144,27.7033144],[-18.1368625,27.7033014],[-18.1368189,27.7033186],[-18.1367729,27.7033945],[-18.1367551,27.7034037],[-18.1367104,27.7033805],[-18.1366863,27.7033815],[-18.1364944,27.7034323],[-18.1364592,27.7034629],[-18.1363625,27.7034708],[-18.1363076,27.7035053],[-18.1362349,27.7035204],[-18.1361925,27.7035493],[-18.1361376,27.7035077],[-18.1361106,27.7035098],[-18.1360936,27.703551],[-18.1359757,27.7035807],[-18.1359583,27.7036367],[-18.1358608,27.703689],[-18.1357893,27.7037864],[-18.1357654,27.7037983],[-18.1357351,27.7037969],[-18.1356746,27.7037707],[-18.1356144,27.7037356],[-18.1355651,27.703686],[-18.1355479,27.7037089],[-18.135552,27.7038173],[-18.1355653,27.7038615],[-18.1355352,27.7038952],[-18.1354888,27.7039204],[-18.1353697,27.7039559],[-18.135088,27.7040202],[-18.1350425,27.7040143],[-18.1349887,27.7039869],[-18.1349296,27.7039822],[-18.1348794,27.7040039],[-18.1348573,27.7040503],[-18.1348449,27.7040527],[-18.134677,27.7039644],[-18.1346515,27.7039409],[-18.1346626,27.7038903],[-18.1346553,27.70388],[-18.1346222,27.7038795],[-18.1346081,27.7038913],[-18.1346112,27.7039476],[-18.1346313,27.7040049],[-18.1346509,27.7040263],[-18.1347635,27.7040888],[-18.134758,27.7041138],[-18.1347315,27.7041347],[-18.1347588,27.7041823],[-18.1347602,27.7041997],[-18.1347426,27.7042049],[-18.1346198,27.7041671],[-18.1345459,27.7041317],[-18.1344153,27.7040158],[-18.1343573,27.703995],[-18.1343655,27.7040989],[-18.1344138,27.7042222],[-18.1344078,27.704235],[-18.1343033,27.7042389],[-18.1342909,27.70425],[-18.1343653,27.704324],[-18.134356,27.704414],[-18.1343202,27.7044915],[-18.1342594,27.7045393],[-18.1342274,27.7045437],[-18.1341245,27.7046126],[-18.134074,27.704587],[-18.1340207,27.7044897],[-18.1339993,27.7044935],[-18.133915,27.704575],[-18.1338656,27.704587],[-18.1338131,27.704556],[-18.1337257,27.7044898],[-18.133618,27.7043763],[-18.1335411,27.70433],[-18.1334446,27.7043344],[-18.1333774,27.7042647],[-18.133346,27.7042177],[-18.1333015,27.704166],[-18.1332215,27.7042271],[-18.1333161,27.7043326],[-18.1333676,27.704384],[-18.1333607,27.7043905],[-18.1333122,27.7044363],[-18.1333026,27.7044748],[-18.1333398,27.7045194],[-18.1334399,27.7045903],[-18.133438,27.7046401],[-18.1334149,27.7046638],[-18.133314,27.7046615],[-18.1332349,27.7046093],[-18.1331797,27.7045433],[-18.1330927,27.7045922],[-18.1331362,27.7046661],[-18.1331516,27.704731],[-18.1331076,27.7047728],[-18.1330156,27.7047972],[-18.1329528,27.704769],[-18.1328704,27.7047779],[-18.1328159,27.7047414],[-18.1327525,27.7046697],[-18.1327301,27.7046635],[-18.1326765,27.7046702],[-18.1326028,27.7047387],[-18.1324981,27.7047819],[-18.1324678,27.7047649],[-18.1324362,27.7047098],[-18.1323819,27.7047056],[-18.1323306,27.7047309],[-18.1322419,27.7048186],[-18.1321808,27.7048349],[-18.1319517,27.7048419],[-18.1318658,27.7048326],[-18.1316846,27.7048478],[-18.131645,27.7048383],[-18.1315868,27.7047829],[-18.1313725,27.7047916],[-18.1312627,27.7048237],[-18.1311994,27.7048064],[-18.1311289,27.7047589],[-18.1310467,27.704784],[-18.1309879,27.7047844],[-18.1309535,27.7047792],[-18.1309172,27.7047478],[-18.1308619,27.7047486],[-18.1307918,27.7047668],[-18.1306832,27.7048354],[-18.1306024,27.7048343],[-18.1305424,27.7048035],[-18.13051,27.7047995],[-18.1303156,27.7048882],[-18.1300422,27.7049375],[-18.1298427,27.704955],[-18.12948,27.7050153],[-18.1292475,27.7050367],[-18.1289165,27.7051038],[-18.1287522,27.705095],[-18.1286551,27.705135],[-18.1285917,27.7051939],[-18.1284344,27.7052491],[-18.1282516,27.7052789],[-18.1281537,27.7053453],[-18.1279475,27.7053446],[-18.1277458,27.7052845],[-18.1275034,27.7052788],[-18.1273965,27.7053001],[-18.1272292,27.705243],[-18.1270915,27.7052588],[-18.1268867,27.7052536],[-18.1266731,27.7052283],[-18.126597,27.7051844],[-18.1265338,27.7051822],[-18.1263549,27.7051851],[-18.1262253,27.7052025],[-18.1260098,27.7051981],[-18.1259777,27.7051755],[-18.125938,27.7051779],[-18.1258027,27.705194],[-18.1257001,27.7052793],[-18.1255788,27.705263],[-18.125371,27.7052665],[-18.1252009,27.7052454],[-18.1251233,27.7052476],[-18.1248858,27.7052958],[-18.1247771,27.7052939],[-18.1246129,27.7052608],[-18.1245129,27.7052534],[-18.1240588,27.7051456],[-18.1239878,27.70512],[-18.1238507,27.705042],[-18.1237444,27.7050218],[-18.1236012,27.7049474],[-18.1234715,27.7049262],[-18.1231251,27.7047589],[-18.1230281,27.7047286],[-18.1228858,27.7047087],[-18.1228123,27.7046869],[-18.1227267,27.7046403],[-18.1227046,27.7045962],[-18.122609,27.7045553],[-18.1224622,27.7045483],[-18.1223934,27.7045183],[-18.1222775,27.7045527],[-18.1222457,27.7045185],[-18.1219033,27.7043691],[-18.1217925,27.70434],[-18.1215992,27.7043356],[-18.1213152,27.7043663],[-18.121193,27.7043643],[-18.1208345,27.704331],[-18.1206786,27.7042689],[-18.1206165,27.7042594],[-18.1204986,27.704259],[-18.1203511,27.7042815],[-18.1202937,27.7042765],[-18.1199974,27.7042018],[-18.1194666,27.7041575],[-18.1192063,27.704108],[-18.1190645,27.7040693],[-18.1189361,27.7039784],[-18.1188504,27.7040405],[-18.1187293,27.7040345],[-18.118554,27.7040048],[-18.1180695,27.7038794],[-18.1178526,27.7038631],[-18.1169654,27.7036454],[-18.1167672,27.7035635],[-18.1165717,27.7035225],[-18.1164443,27.7034785],[-18.1162597,27.7033943],[-18.116148,27.7033615],[-18.1160458,27.7033003],[-18.1157866,27.7031852],[-18.1157484,27.7031682],[-18.1153907,27.7030762],[-18.1152161,27.7030051],[-18.1150071,27.7029831],[-18.1147528,27.702978],[-18.1143537,27.7028806],[-18.1136699,27.7028026],[-18.1134221,27.7027272],[-18.1131123,27.7026604],[-18.1129266,27.7026419],[-18.1128362,27.7026101],[-18.1127914,27.7025783],[-18.1125954,27.7025699],[-18.1125208,27.7025361],[-18.1124272,27.702534],[-18.1122475,27.7024765],[-18.1120939,27.7024273],[-18.1119063,27.702337],[-18.11159,27.7022768],[-18.1114116,27.7021543],[-18.1113761,27.7021575],[-18.1113334,27.7021796],[-18.1113368,27.702299],[-18.1113078,27.7023332],[-18.1112582,27.7023559],[-18.1111049,27.7023579],[-18.1108286,27.7022742],[-18.1106437,27.7022045],[-18.110521,27.7021479],[-18.1103677,27.7020474],[-18.1099511,27.7018391],[-18.1098641,27.7017705],[-18.1098009,27.7017505],[-18.1097385,27.701752],[-18.1096432,27.7016887],[-18.1096753,27.7015474],[-18.1096687,27.7015275],[-18.1096502,27.7015197],[-18.1095925,27.7015426],[-18.1095209,27.7016185],[-18.1094921,27.7016336],[-18.1093312,27.7015912],[-18.1092536,27.7015341],[-18.1091594,27.7015565],[-18.1090458,27.7015578],[-18.1089417,27.7015184],[-18.1088495,27.7015184],[-18.1086847,27.7014932],[-18.1082809,27.7012984],[-18.1082554,27.7012775],[-18.1082114,27.7012042],[-18.1081448,27.7011605],[-18.1080216,27.7011695],[-18.1079664,27.7011072],[-18.1079605,27.7009899],[-18.1079444,27.7009484],[-18.1078978,27.7009047],[-18.1078428,27.7008774],[-18.1077851,27.7008905],[-18.1077259,27.7009332],[-18.1077355,27.7010714],[-18.107709,27.7011096],[-18.107681,27.7011213],[-18.1075699,27.7011214],[-18.1074673,27.7011074],[-18.1074385,27.7010912],[-18.1073838,27.7010058],[-18.107382,27.7009469],[-18.1074174,27.7008586],[-18.1074656,27.7008141],[-18.1074845,27.7007354],[-18.1074361,27.700659],[-18.1073853,27.700642],[-18.107327,27.7006542],[-18.1072217,27.7007129],[-18.107219,27.7008117],[-18.1070599,27.7008055],[-18.1070128,27.7008181],[-18.1069875,27.7008509],[-18.1069845,27.7009181],[-18.1069438,27.7009479],[-18.106903,27.7009458],[-18.1068508,27.7009207],[-18.1068413,27.7007874],[-18.1068266,27.7007703],[-18.106746,27.7007149],[-18.1066129,27.7007087],[-18.1065909,27.7006934],[-18.1065587,27.7006294],[-18.1065169,27.7006419],[-18.1064492,27.7007281],[-18.1064149,27.7007279],[-18.1064,27.7006991],[-18.1063307,27.7006465],[-18.1063113,27.7006593],[-18.1062969,27.7007243],[-18.1062588,27.700781],[-18.1061794,27.7008515],[-18.1061638,27.7008528],[-18.1061536,27.7008431],[-18.1061715,27.7007704],[-18.1061688,27.7007273],[-18.1061287,27.7007193],[-18.106053,27.7007398],[-18.1060209,27.7006903],[-18.1059897,27.7006672],[-18.1059337,27.7006573],[-18.1057923,27.7008837],[-18.1058087,27.7009412],[-18.1059349,27.7010424],[-18.1059509,27.7010917],[-18.1059132,27.7011896],[-18.1056725,27.7013569],[-18.1054912,27.701425],[-18.1053886,27.7014453],[-18.1048703,27.7014365],[-18.1046664,27.7014557],[-18.1040423,27.7013721],[-18.1037928,27.7013113],[-18.1035859,27.7013087],[-18.1034695,27.701282],[-18.1033539,27.7012827],[-18.1031664,27.7012373],[-18.1027915,27.7011832],[-18.1023315,27.701151],[-18.1019054,27.7010978],[-18.1017278,27.7010668],[-18.101502,27.7009915],[-18.1012238,27.7010103],[-18.1011539,27.7010088],[-18.1010744,27.7009903],[-18.1010316,27.7010182],[-18.1007929,27.701077],[-18.1004851,27.7011267],[-18.1004115,27.7011346],[-18.1001688,27.7011605],[-18.0999717,27.7011967],[-18.0999216,27.7012017],[-18.0997194,27.701222],[-18.0993768,27.7012104],[-18.0991353,27.7011781],[-18.0990845,27.701166],[-18.0990543,27.701093],[-18.0989865,27.7010578],[-18.0987936,27.7010133],[-18.0985573,27.7009764],[-18.0983245,27.7009852],[-18.0980339,27.7009535],[-18.0978755,27.7009086],[-18.0973759,27.7007048],[-18.0971805,27.7006499],[-18.0970705,27.7005944],[-18.0969322,27.7005907],[-18.0966265,27.700523],[-18.0963912,27.7004198],[-18.0960916,27.7001585],[-18.0960327,27.7001297],[-18.0959043,27.7001069],[-18.0955262,27.7001067],[-18.095355,27.7000843],[-18.0951674,27.7000082],[-18.0949238,27.699875],[-18.0948067,27.699849],[-18.0947981,27.6997793],[-18.0947733,27.6997262],[-18.094737,27.6997797],[-18.0947119,27.6997911],[-18.0946168,27.6997756],[-18.0944159,27.6997013],[-18.0942167,27.6996056],[-18.0940337,27.6995527],[-18.0938719,27.6994656],[-18.0934515,27.6993012],[-18.0930705,27.699219],[-18.0929341,27.6991513],[-18.0926459,27.6991039],[-18.092232,27.6990537],[-18.0921667,27.6990212],[-18.0918721,27.6989425],[-18.0917461,27.6988822],[-18.0915732,27.6988673],[-18.0914478,27.6988398],[-18.0912244,27.698749],[-18.0909641,27.6986086],[-18.0907466,27.6985466],[-18.0904984,27.6984526],[-18.0902739,27.6984264],[-18.0899935,27.6984242],[-18.089727,27.6983438],[-18.0893581,27.698314],[-18.0891162,27.6982194],[-18.0887617,27.6981654],[-18.0885485,27.6981724],[-18.0881338,27.6981494],[-18.0879781,27.6981144],[-18.0876931,27.6980031],[-18.087503,27.6979806],[-18.0874494,27.6979617],[-18.0873164,27.6978792],[-18.0870664,27.6978988],[-18.0868684,27.6978914],[-18.0865377,27.6978199],[-18.0862139,27.6977857],[-18.0860479,27.6977276],[-18.0859429,27.6977038],[-18.0856207,27.697684],[-18.0855689,27.6976743],[-18.0854831,27.6976403],[-18.0853625,27.6975726],[-18.0851771,27.6975238],[-18.0851556,27.6974678],[-18.085164,27.6973115],[-18.0851256,27.6972853],[-18.084989,27.697293],[-18.0849286,27.6973261],[-18.0848867,27.6973902],[-18.0848217,27.6973977],[-18.0843864,27.6972968],[-18.0841474,27.6972895],[-18.0840575,27.6972729],[-18.0837311,27.6971837],[-18.0836209,27.697154],[-18.0834432,27.6971092],[-18.0832134,27.6971096],[-18.08295,27.6970491],[-18.0828339,27.6970423],[-18.0824044,27.6970391],[-18.0812272,27.6970951],[-18.0807821,27.6971353],[-18.0806342,27.6971961],[-18.0805761,27.69722],[-18.0804056,27.6972575],[-18.0798924,27.697345],[-18.0797147,27.6973603],[-18.079374,27.6973243],[-18.0791588,27.6973182],[-18.0786072,27.6972329],[-18.0785205,27.697235],[-18.0783187,27.6972667],[-18.0781969,27.6973033],[-18.07806,27.6973225],[-18.0773835,27.6973258],[-18.0772297,27.6973018],[-18.0771142,27.6972707],[-18.0769808,27.6972567],[-18.0767276,27.6971816],[-18.076612,27.6971827],[-18.0764632,27.6972177],[-18.075896,27.6973055],[-18.0756579,27.6972903],[-18.0752931,27.6972873],[-18.0751078,27.6972464],[-18.0749808,27.6971929],[-18.0749227,27.6971924],[-18.0748551,27.6972591],[-18.0747643,27.6972572],[-18.0742167,27.6971756],[-18.0739323,27.697104],[-18.0729175,27.6971121],[-18.0726435,27.6971035],[-18.0725299,27.6970906],[-18.0723028,27.6970875],[-18.0718195,27.6970433],[-18.071562,27.6969968],[-18.0712759,27.6969646],[-18.0708148,27.6968085],[-18.0707247,27.6967634],[-18.0705419,27.6967506],[-18.0703066,27.6966589],[-18.0700337,27.69662],[-18.0697682,27.6965368],[-18.0696177,27.6964704],[-18.0695152,27.6964089],[-18.0694798,27.6963633],[-18.0694884,27.6963437],[-18.0695756,27.6962908],[-18.069631,27.6962381],[-18.0696575,27.6961852],[-18.0696509,27.6961397],[-18.0695543,27.696079],[-18.0694304,27.6960753],[-18.0693564,27.6960478],[-18.0693157,27.6960195],[-18.0691466,27.6960385],[-18.0690542,27.6960805],[-18.069039,27.6960646],[-18.0690284,27.6959849],[-18.0689869,27.6959771],[-18.0687658,27.6962272],[-18.0686457,27.6962984],[-18.0685834,27.696355],[-18.0685609,27.6963588],[-18.0685103,27.6963502],[-18.0682863,27.6962366],[-18.0681871,27.6961627],[-18.0681726,27.6961375],[-18.0682432,27.6960176],[-18.068239,27.6959819],[-18.0681168,27.6959014],[-18.0680699,27.6959162],[-18.0679827,27.6960076],[-18.0679229,27.6961465],[-18.0677542,27.6961397],[-18.0677287,27.6961229],[-18.0677223,27.6960851],[-18.0677043,27.6960721],[-18.0675726,27.6960597],[-18.0674831,27.6960062],[-18.0674475,27.6959273],[-18.0674493,27.6958624],[-18.0674685,27.6957919],[-18.0674443,27.695753],[-18.0673243,27.6957785],[-18.067215,27.6958363],[-18.0671935,27.6958378],[-18.0671336,27.6957823],[-18.0670731,27.6957556],[-18.0668238,27.69575],[-18.0666305,27.6957159],[-18.0662645,27.6956281],[-18.066115,27.6956058],[-18.0659471,27.6955584],[-18.0655903,27.6955118],[-18.0654082,27.6954587],[-18.0653819,27.6954347],[-18.0653444,27.6954308],[-18.065256,27.6954433],[-18.0650465,27.6953573],[-18.0647044,27.6952915],[-18.0645319,27.6952451],[-18.0644351,27.6952463],[-18.0642976,27.6952782],[-18.0642197,27.6952758],[-18.0640046,27.6951236],[-18.0639645,27.6951099],[-18.0637914,27.6951082],[-18.0636212,27.6950749],[-18.0635317,27.6950687],[-18.0633893,27.6950225],[-18.0632479,27.6950103],[-18.0631277,27.6949843],[-18.0628628,27.6948909],[-18.0627255,27.6948658],[-18.0625003,27.6948024],[-18.0623703,27.6947346],[-18.0622844,27.6947096],[-18.0620478,27.6947107],[-18.0619285,27.6947345],[-18.0618702,27.6947017],[-18.0618449,27.6946163],[-18.0618186,27.6945842],[-18.0617863,27.69457],[-18.0617332,27.6945797],[-18.0615392,27.6947019],[-18.061442,27.6947446],[-18.0613669,27.694759],[-18.0612658,27.6948257],[-18.0611701,27.6948703],[-18.0609638,27.6949257],[-18.0607365,27.6949506],[-18.0605853,27.6949265],[-18.0604715,27.6948749],[-18.0603565,27.6947772],[-18.0603195,27.6946515],[-18.0603015,27.6946241],[-18.0602743,27.6946104],[-18.0602247,27.6946233],[-18.060155,27.6946626],[-18.0600832,27.6947818],[-18.0599486,27.6947896],[-18.0594907,27.6949494],[-18.0592436,27.694958],[-18.0591332,27.6949474],[-18.0590209,27.6949366],[-18.0588284,27.6948947],[-18.0587049,27.6948486],[-18.0584994,27.6948164],[-18.0583438,27.6947737],[-18.0582333,27.6947054],[-18.0580878,27.69456],[-18.0580608,27.6945506],[-18.058029,27.6945555],[-18.0579642,27.6945908],[-18.0579492,27.6946169],[-18.0579442,27.6947031],[-18.0579194,27.6947156],[-18.0577682,27.6947185],[-18.0573075,27.6946799],[-18.0570014,27.6946048],[-18.0566565,27.6944898],[-18.0559026,27.6941998],[-18.0557654,27.6941361],[-18.0556734,27.6940787],[-18.0555184,27.6939314],[-18.0553706,27.6938428],[-18.0552545,27.6938056],[-18.0550753,27.6936924],[-18.054888,27.69365],[-18.0546281,27.6935065],[-18.0544169,27.6934256],[-18.0543971,27.6933937],[-18.0543964,27.6933494],[-18.0543781,27.6933405],[-18.0543529,27.6933478],[-18.0542921,27.6933979],[-18.0542809,27.6933913],[-18.0542761,27.6933281],[-18.0542574,27.6933047],[-18.0541968,27.693275],[-18.0541345,27.6932234],[-18.0541196,27.6931682],[-18.0541069,27.6931596],[-18.0540212,27.6932045],[-18.0539567,27.6932916],[-18.0539009,27.6933227],[-18.0538404,27.6933266],[-18.0537504,27.6932966],[-18.0537345,27.6932771],[-18.0537289,27.6932172],[-18.0537709,27.6929894],[-18.0537443,27.6929568],[-18.0537016,27.6929809],[-18.053583,27.6931598],[-18.0535492,27.6931757],[-18.0534484,27.6931626],[-18.0534158,27.6931416],[-18.0533989,27.6931132],[-18.0533821,27.6930026],[-18.0533423,27.6930052],[-18.0532809,27.6930561],[-18.0532481,27.6930569],[-18.0531961,27.6930318],[-18.0531295,27.6929486],[-18.0530975,27.692937],[-18.05307,27.692945],[-18.0530269,27.6929907],[-18.0529168,27.6930081],[-18.0528636,27.6929575],[-18.0527849,27.69296],[-18.0527352,27.6929207],[-18.0527096,27.6927884],[-18.0526842,27.6927843],[-18.0526396,27.6928198],[-18.052571,27.6928476],[-18.0523584,27.6928691],[-18.0522652,27.6929243],[-18.0522359,27.6929243],[-18.0520984,27.692845],[-18.0518967,27.6928497],[-18.051828,27.6927996],[-18.0516721,27.6927344],[-18.0516512,27.6926921],[-18.0516588,27.6925509],[-18.0516547,27.6925255],[-18.0516369,27.6925086],[-18.0515769,27.6925195],[-18.0514449,27.69269],[-18.0513716,27.6927319],[-18.0513218,27.692788],[-18.0512836,27.6928072],[-18.0508857,27.6928121],[-18.0506782,27.6927796],[-18.0505316,27.6927504],[-18.050274,27.6926682],[-18.0501031,27.6925493],[-18.0500883,27.6925222],[-18.0501241,27.6924469],[-18.0502649,27.6922898],[-18.050293,27.6921778],[-18.0503545,27.6920581],[-18.0503562,27.6920032],[-18.0503408,27.6919815],[-18.0503041,27.6919816],[-18.0502791,27.6919963],[-18.0500632,27.692202],[-18.0498342,27.6921866],[-18.0496374,27.6921173],[-18.0495584,27.6920479],[-18.049481,27.6919519],[-18.0493524,27.6918496],[-18.0492624,27.6917594],[-18.0491504,27.6916863],[-18.0490092,27.6915491],[-18.0487904,27.6913926],[-18.0486996,27.6913076],[-18.048578,27.6912326],[-18.048433,27.6910793],[-18.0482344,27.6909638],[-18.048179,27.6909132],[-18.0481486,27.6908776],[-18.0481872,27.6907649],[-18.0481777,27.6907296],[-18.0481421,27.6907315],[-18.0480394,27.690782],[-18.0480046,27.6907815],[-18.0478741,27.6907056],[-18.0477226,27.6905877],[-18.047631,27.690583],[-18.0474551,27.6905241],[-18.0473102,27.6905048],[-18.047212,27.690459],[-18.0471361,27.6903671],[-18.0468424,27.6902921],[-18.0468057,27.6902545],[-18.0467924,27.690174],[-18.04669,27.6901731],[-18.0466581,27.6902011],[-18.0466199,27.6902079],[-18.0465231,27.6901797],[-18.0462891,27.6899566],[-18.0459951,27.6898291],[-18.0458144,27.6897859],[-18.0457642,27.6897739],[-18.0457541,27.6897647],[-18.0457651,27.6896826],[-18.0457502,27.6896654],[-18.0456571,27.6896426],[-18.0455531,27.6896483],[-18.0454205,27.6895934],[-18.0452789,27.6895196],[-18.0451871,27.6894089],[-18.0451573,27.6893941],[-18.0450503,27.6894143],[-18.0450198,27.6894082],[-18.0447278,27.689188],[-18.0445143,27.6891014],[-18.0444166,27.6890806],[-18.0443991,27.6890639],[-18.0443925,27.6890131],[-18.0443359,27.6889477],[-18.0442941,27.6889467],[-18.0442565,27.6889653],[-18.0441797,27.688934],[-18.0441719,27.6889162],[-18.0441897,27.6887921],[-18.0440972,27.6887122],[-18.0440298,27.6887108],[-18.0439913,27.6887873],[-18.0438773,27.6887747],[-18.0438029,27.6887434],[-18.0437901,27.6887186],[-18.0438431,27.6886235],[-18.0438351,27.6885676],[-18.0437641,27.6885644],[-18.0436884,27.6886389],[-18.0436699,27.6886429],[-18.0435443,27.6886134],[-18.043388,27.6885229],[-18.04323,27.6884635],[-18.0432127,27.6884501],[-18.0432047,27.6884169],[-18.043163,27.6883847],[-18.0430489,27.6884206],[-18.0430256,27.6884175],[-18.0430104,27.6884039],[-18.0430097,27.6882912],[-18.0429984,27.6882737],[-18.0429144,27.6882922],[-18.0428528,27.6882794],[-18.0427626,27.6882376],[-18.0426172,27.6881443],[-18.0425302,27.6881697],[-18.0423217,27.6879964],[-18.0423021,27.6879663],[-18.0423421,27.6878661],[-18.0424717,27.6877331],[-18.0424438,27.687706],[-18.0423927,27.6877132],[-18.0422551,27.6877696],[-18.0421546,27.687903],[-18.0419953,27.6879523],[-18.0418408,27.6879062],[-18.0416467,27.6878166],[-18.0413114,27.6877058],[-18.0411836,27.6876497],[-18.0409468,27.687596],[-18.0407332,27.6875303],[-18.0406772,27.6875025],[-18.0405497,27.6874739],[-18.0403882,27.6874611],[-18.040194,27.6874244],[-18.0395607,27.6872436],[-18.0394225,27.6872263],[-18.0391907,27.6871107],[-18.0388811,27.6869207],[-18.0388513,27.6868896],[-18.0385541,27.6867436],[-18.0385493,27.6867274],[-18.0385961,27.6866736],[-18.0385822,27.6866415],[-18.0385569,27.6866342],[-18.038531,27.6866415],[-18.0384914,27.6866847],[-18.0384656,27.6866929],[-18.0384089,27.6866814],[-18.0381911,27.6865181],[-18.0380332,27.6864291],[-18.0379685,27.6863841],[-18.0377502,27.686247],[-18.0374256,27.6859996],[-18.0373492,27.6859061],[-18.0371221,27.6857557],[-18.037018,27.6856365],[-18.0369795,27.6856006],[-18.036871,27.6854992],[-18.0368353,27.6854104],[-18.0367864,27.6854194],[-18.0366889,27.6854086],[-18.0366564,27.6853517],[-18.0365779,27.6852863],[-18.0364198,27.685193],[-18.0361885,27.684944],[-18.0360335,27.6848442],[-18.0360025,27.6847435],[-18.0359108,27.6847556],[-18.0358816,27.6847516],[-18.0358526,27.6847298],[-18.0357507,27.6846082],[-18.0355713,27.6844277],[-18.0354293,27.6842181],[-18.035276,27.6841217],[-18.0351128,27.6839814],[-18.034935,27.6839035],[-18.0347936,27.6838563],[-18.0346719,27.6837588],[-18.0345761,27.6836002],[-18.034442,27.683435],[-18.0344004,27.683343],[-18.0342869,27.6832505],[-18.0342118,27.6831477],[-18.0341761,27.683073],[-18.0341543,27.6829698],[-18.0340686,27.6828631],[-18.0340405,27.682695],[-18.0340638,27.6826519],[-18.0340511,27.6826126],[-18.0340303,27.6826083],[-18.0339127,27.6826937],[-18.033871,27.6826967],[-18.0338291,27.6826408],[-18.0337431,27.6826238],[-18.0336735,27.6825594],[-18.0335296,27.6825454],[-18.0334622,27.6825196],[-18.0332503,27.6823668],[-18.0330522,27.6821739],[-18.0330362,27.6821509],[-18.0331035,27.6821037],[-18.0332693,27.6820203],[-18.0332971,27.6819791],[-18.0332947,27.6819503],[-18.0331317,27.6818304],[-18.0331049,27.6818286],[-18.0330502,27.681843],[-18.0329536,27.6819105],[-18.0328638,27.681926],[-18.0328409,27.6818916],[-18.0326798,27.6817414],[-18.0325596,27.6815952],[-18.0325632,27.6815577],[-18.0326438,27.6814679],[-18.0326277,27.6814267],[-18.0325488,27.6813726],[-18.0326003,27.6813023],[-18.0325935,27.6812631],[-18.0325491,27.6812401],[-18.0325346,27.6812007],[-18.0325113,27.6811884],[-18.0324823,27.681188],[-18.0324308,27.681241],[-18.0323982,27.6812584],[-18.0322557,27.6812111],[-18.0321756,27.6811084],[-18.0321456,27.6810466],[-18.0321183,27.6809389],[-18.0321199,27.6807744],[-18.0323464,27.6808103],[-18.0324384,27.6807837],[-18.0324452,27.6807661],[-18.0324082,27.6807308],[-18.0322922,27.6806818],[-18.032197,27.6806566],[-18.0321565,27.6806319],[-18.032172,27.6805779],[-18.0322312,27.6805202],[-18.0322419,27.6804922],[-18.0322293,27.6804465],[-18.0321667,27.6804124],[-18.0321542,27.6803904],[-18.0321981,27.6803772],[-18.0322134,27.6803533],[-18.0322111,27.6803195],[-18.0321719,27.6802491],[-18.0320676,27.6801491],[-18.0320434,27.6800954],[-18.0319982,27.6800743],[-18.031959,27.6800216],[-18.0318906,27.6799763],[-18.0318499,27.6799798],[-18.0317367,27.6801076],[-18.0314475,27.6800759],[-18.0314453,27.6800438],[-18.0315695,27.6798733],[-18.0316118,27.6796956],[-18.0315945,27.6796645],[-18.0314093,27.6795416],[-18.0314768,27.6794791],[-18.0314762,27.6793825],[-18.0314588,27.6793495],[-18.0314249,27.6793379],[-18.0312958,27.6793376],[-18.031255,27.6793923],[-18.0312231,27.6795216],[-18.0311586,27.6796281],[-18.0311674,27.6797367],[-18.031162,27.6797548],[-18.0311488,27.6797562],[-18.0311015,27.6797073],[-18.0310358,27.6795995],[-18.0309946,27.6794575],[-18.030895,27.6793455],[-18.0308488,27.6792481],[-18.0307768,27.6791994],[-18.0306504,27.6791729],[-18.0305794,27.6791851],[-18.0305488,27.6792099],[-18.0305363,27.6792325],[-18.0305327,27.6794605],[-18.0305178,27.6794788],[-18.0304645,27.6794602],[-18.0304435,27.6794333],[-18.0304036,27.6792179],[-18.0303375,27.6791636],[-18.0303167,27.6791163],[-18.0302612,27.6790704],[-18.0301986,27.6790785],[-18.0301285,27.6791135],[-18.0299422,27.6793114],[-18.0298955,27.6793444],[-18.0297909,27.6793718],[-18.0296068,27.6793672],[-18.0291973,27.6791675],[-18.0289035,27.6789536],[-18.0286267,27.6786819],[-18.0285056,27.6785315],[-18.028462,27.6784302],[-18.0284631,27.6784035],[-18.0285289,27.6783181],[-18.0285646,27.6782216],[-18.0285634,27.6781307],[-18.0285036,27.6779516],[-18.0284943,27.6778862],[-18.0285472,27.6778333],[-18.0285416,27.677811],[-18.0284937,27.6778037],[-18.0284545,27.6778136],[-18.0283996,27.6778543],[-18.0283273,27.6778489],[-18.0283125,27.6778369],[-18.0283969,27.6777675],[-18.0284447,27.6777557],[-18.0284572,27.6777209],[-18.0284161,27.6776353],[-18.0284365,27.6775352],[-18.0284293,27.6774919],[-18.0284071,27.6774691],[-18.028294,27.6774308],[-18.0282375,27.6773919],[-18.0282149,27.6773535],[-18.0281999,27.6772856],[-18.0281771,27.677293],[-18.0281506,27.6773267],[-18.0281089,27.6773334],[-18.0280094,27.6773093],[-18.0279562,27.6772756],[-18.02783,27.6771406],[-18.027765,27.6770711],[-18.0277535,27.6769808],[-18.0278174,27.6769491],[-18.0279175,27.6769209],[-18.0279769,27.6768608],[-18.0280776,27.6768261],[-18.0282146,27.6768079],[-18.0282254,27.6767353],[-18.0283219,27.6766649],[-18.0284328,27.6765392],[-18.028679,27.676328],[-18.0287148,27.676273],[-18.0287155,27.6762503],[-18.0286709,27.6762086],[-18.0285585,27.6761631],[-18.0284104,27.6761873],[-18.028184,27.676186],[-18.0281172,27.6762061],[-18.0280277,27.676257],[-18.0279725,27.6762587],[-18.028002,27.6762299],[-18.028013,27.6761329],[-18.0279475,27.6760185],[-18.0280464,27.6759704],[-18.0280814,27.6759297],[-18.0281705,27.675869],[-18.0281914,27.6758219],[-18.0281835,27.6757994],[-18.0281573,27.6757828],[-18.0280876,27.6757705],[-18.0279605,27.6758166],[-18.0279362,27.675814],[-18.02792,27.6758059],[-18.027921,27.6757936],[-18.0279546,27.6757794],[-18.0279595,27.6757496],[-18.0278861,27.6756941],[-18.0279907,27.6756731],[-18.0281753,27.6756665],[-18.028237,27.6756325],[-18.0282602,27.6755466],[-18.0282494,27.6755256],[-18.0281828,27.6754988],[-18.0279653,27.6754646],[-18.0280027,27.675426],[-18.0280432,27.6753464],[-18.0280198,27.6752296],[-18.0280925,27.6751867],[-18.028103,27.6751224],[-18.0280362,27.674994],[-18.0279372,27.6749345],[-18.0279657,27.6748093],[-18.0279888,27.674804],[-18.0279928,27.6747449],[-18.0279892,27.6747027],[-18.0279463,27.6746247],[-18.0279803,27.674624],[-18.0280103,27.6746536],[-18.0280556,27.6746669],[-18.0281197,27.6746708],[-18.0281831,27.6746554],[-18.0282363,27.6746223],[-18.0282648,27.6745731],[-18.0282701,27.6744921],[-18.0282159,27.6743238],[-18.0282182,27.6742778],[-18.0282692,27.6742245],[-18.0283366,27.6741917],[-18.0284368,27.6741157],[-18.0285059,27.6740954],[-18.0285912,27.6741043],[-18.0286108,27.6740924],[-18.0286143,27.6740709],[-18.02858,27.6740286],[-18.0285012,27.6740055],[-18.0284352,27.6740161],[-18.0284361,27.6739954],[-18.028508,27.6739752],[-18.0286483,27.6738924],[-18.0286797,27.6738939],[-18.0287386,27.6738743],[-18.0287796,27.6738938],[-18.0288689,27.6738694],[-18.0289045,27.6738447],[-18.028921,27.6737962],[-18.0288694,27.6736834],[-18.0288134,27.6736508],[-18.0287138,27.673633],[-18.0286939,27.6736082],[-18.0286686,27.6735279],[-18.028654,27.6735217],[-18.0286205,27.6735288],[-18.0286183,27.6736154],[-18.028611,27.6736391],[-18.0285833,27.6736539],[-18.0285465,27.6735968],[-18.0284654,27.6735599],[-18.0284508,27.6735667],[-18.0284266,27.6736429],[-18.0284122,27.6736517],[-18.0283913,27.6736267],[-18.0283773,27.6735574],[-18.02835,27.6735582],[-18.0282958,27.6735905],[-18.0282336,27.6735719],[-18.0282023,27.6734916],[-18.028204,27.6733494],[-18.0281537,27.6731707],[-18.0281141,27.6731669],[-18.0280026,27.6731916],[-18.0279263,27.6731872],[-18.0278558,27.6731246],[-18.0278263,27.6730398],[-18.0278285,27.6729972],[-18.0278816,27.6728993],[-18.0278727,27.6728268],[-18.0278861,27.672753],[-18.0279264,27.6727171],[-18.0279313,27.6726984],[-18.0279039,27.6726357],[-18.0279399,27.6726017],[-18.0279457,27.6725782],[-18.0279253,27.6725209],[-18.0279379,27.6725034],[-18.0280314,27.6724438],[-18.0280648,27.6724096],[-18.0281413,27.6723899],[-18.0282129,27.6723207],[-18.028278,27.6722837],[-18.0283356,27.6722582],[-18.0284302,27.6722744],[-18.0284916,27.6722605],[-18.02859,27.6722007],[-18.0286219,27.6721749],[-18.0286427,27.6721361],[-18.0286623,27.6719893],[-18.0287364,27.6718735],[-18.0287266,27.6718638],[-18.0286494,27.6718564],[-18.0286113,27.6718861],[-18.0285434,27.6720857],[-18.0285327,27.6721525],[-18.0285104,27.6721733],[-18.0284827,27.6721839],[-18.0284623,27.6721765],[-18.0284552,27.6721514],[-18.0284643,27.6720981],[-18.0285292,27.6719735],[-18.0284696,27.6719491],[-18.028432,27.6719516],[-18.0283785,27.6719798],[-18.028308,27.672077],[-18.0282949,27.6720746],[-18.0282951,27.6720094],[-18.0282781,27.6720006],[-18.0282569,27.6720843],[-18.0281864,27.6721745],[-18.0281698,27.672225],[-18.0281544,27.6722462],[-18.0281082,27.6722547],[-18.0280986,27.6722356],[-18.0281574,27.6721702],[-18.0281727,27.6720998],[-18.0281226,27.6720255],[-18.0280997,27.6720182],[-18.0280444,27.6720493],[-18.0280139,27.6720441],[-18.0279767,27.6720161],[-18.0279671,27.671994],[-18.0280003,27.6719713],[-18.0282184,27.6719531],[-18.0282377,27.6719396],[-18.0282482,27.6719178],[-18.028229,27.6718379],[-18.0281919,27.671806],[-18.0282326,27.671768],[-18.0282959,27.6717467],[-18.0282981,27.6717091],[-18.0282799,27.6716787],[-18.028301,27.6716276],[-18.0282848,27.6715809],[-18.0282849,27.6714962],[-18.0282392,27.6715124],[-18.0281536,27.6715805],[-18.0280244,27.6717591],[-18.0279976,27.6717758],[-18.0279682,27.6717776],[-18.0279522,27.6717709],[-18.0279197,27.6716732],[-18.0279541,27.6716212],[-18.0279717,27.6715511],[-18.0279543,27.6715076],[-18.0278366,27.6714734],[-18.0278059,27.671494],[-18.0277624,27.671585],[-18.0277446,27.6715907],[-18.0277015,27.6715857],[-18.0276708,27.6715656],[-18.0276784,27.6714886],[-18.027616,27.6714473],[-18.0275739,27.6714435],[-18.02737,27.6714862],[-18.0273147,27.671468],[-18.0273344,27.6714242],[-18.0272549,27.6713947],[-18.0272429,27.6713815],[-18.0272462,27.6713629],[-18.0273208,27.6713044],[-18.0274159,27.6712843],[-18.0274344,27.6712632],[-18.0274425,27.6712022],[-18.027363,27.6711275],[-18.0274248,27.6710967],[-18.0274591,27.6710419],[-18.027423,27.6710152],[-18.0273881,27.6710115],[-18.0273424,27.6710284],[-18.027324,27.6710215],[-18.0272945,27.6709824],[-18.0272758,27.6709778],[-18.0272582,27.670982],[-18.0272104,27.6710646],[-18.0271683,27.6711016],[-18.0270332,27.6711125],[-18.0270194,27.6711006],[-18.027024,27.6710841],[-18.0270842,27.6710332],[-18.0271018,27.6709869],[-18.0270534,27.6709516],[-18.0270382,27.6709049],[-18.0269618,27.6708869],[-18.0268473,27.6708073],[-18.0268356,27.6707878],[-18.0268347,27.6707332],[-18.0268033,27.6706841],[-18.0267499,27.6706495],[-18.0267905,27.6705737],[-18.0267302,27.670512],[-18.0267823,27.6704398],[-18.026637,27.6703866],[-18.0266257,27.6704479],[-18.0266134,27.6704578],[-18.0265584,27.6704545],[-18.026551,27.6704635],[-18.0265499,27.670516],[-18.0265486,27.6705761],[-18.0264615,27.6705617],[-18.0264232,27.6705312],[-18.0264019,27.6705303],[-18.0263543,27.6705808],[-18.0262919,27.6706585],[-18.0262482,27.6707736],[-18.0262171,27.670785],[-18.0261952,27.670733],[-18.0261869,27.6705989],[-18.0260531,27.670384],[-18.0260087,27.6703619],[-18.0259844,27.6703497],[-18.025803,27.6703194],[-18.0257538,27.6703588],[-18.0258432,27.6704672],[-18.0258542,27.6705064],[-18.025845,27.6705206],[-18.0256543,27.6705095],[-18.0256162,27.6705872],[-18.0255579,27.6705807],[-18.0255509,27.6705352],[-18.0255336,27.6705094],[-18.0254549,27.6705125],[-18.0253529,27.6705532],[-18.0252301,27.6706358],[-18.0251758,27.6707454],[-18.0251156,27.6708002],[-18.0250455,27.6707913],[-18.0250489,27.6709031],[-18.0250449,27.6709172],[-18.0250273,27.6709178],[-18.0249859,27.6708754],[-18.024802,27.6705741],[-18.0247815,27.6704652],[-18.0248973,27.6703319],[-18.0249329,27.6702429],[-18.0249793,27.6701269],[-18.0249009,27.6701005],[-18.0248116,27.6701657],[-18.0248031,27.6702726],[-18.0247189,27.6703615],[-18.024691,27.6703172],[-18.0246902,27.670243],[-18.0246206,27.6701817],[-18.0245298,27.6701312],[-18.0244523,27.6701101],[-18.0242488,27.670109],[-18.0241398,27.6701207],[-18.0241217,27.670111],[-18.0241309,27.6700834],[-18.0242351,27.6700254],[-18.0242667,27.6699934],[-18.0242823,27.6699428],[-18.0242767,27.6699145],[-18.0242572,27.669892],[-18.0241879,27.6698582],[-18.0241317,27.6698025],[-18.024128,27.6697537],[-18.0241553,27.6696853],[-18.0241482,27.669634],[-18.0241347,27.6696179],[-18.0240209,27.6696069],[-18.0239709,27.6695803],[-18.0240017,27.6694543],[-18.0239984,27.6694205],[-18.023952,27.6693372],[-18.0239341,27.6693268],[-18.0238316,27.6693382],[-18.0238282,27.6693039],[-18.0239061,27.6691762],[-18.0239079,27.6691521],[-18.0238737,27.6691038],[-18.0238121,27.669065],[-18.023778,27.6690702],[-18.0236482,27.6691092],[-18.0235055,27.6691269],[-18.023466,27.6690725],[-18.0234288,27.6690743],[-18.0233411,27.6691089],[-18.0230701,27.6691764],[-18.0229902,27.6691755],[-18.022889,27.6691514],[-18.0227886,27.6690604],[-18.0227688,27.6690185],[-18.0227675,27.6689754],[-18.0228121,27.668818],[-18.0228636,27.6687292],[-18.0228679,27.6686737],[-18.022855,27.668647],[-18.0228195,27.6686284],[-18.0227623,27.6686372],[-18.0226927,27.6686718],[-18.0226559,27.6686021],[-18.0226393,27.6684969],[-18.0225659,27.6683847],[-18.0225494,27.668295],[-18.0225139,27.6682319],[-18.0224814,27.6682096],[-18.0224445,27.6682233],[-18.0223925,27.6683079],[-18.0223998,27.6683673],[-18.0223906,27.6683841],[-18.0222591,27.6684248],[-18.0221221,27.668436],[-18.0220258,27.6683715],[-18.0218705,27.6683257],[-18.0217443,27.6681374],[-18.0216426,27.6680666],[-18.0215671,27.667955],[-18.0215693,27.6679332],[-18.0216027,27.6679005],[-18.0220519,27.6677118],[-18.0221197,27.6676704],[-18.0221827,27.6676026],[-18.0221871,27.6675508],[-18.0221309,27.667528],[-18.0220189,27.6675223],[-18.0218812,27.667491],[-18.0218176,27.6675129],[-18.0217187,27.66765],[-18.0216502,27.667696],[-18.021558,27.6677284],[-18.0211551,27.6677266],[-18.0210731,27.6676938],[-18.0210459,27.6676586],[-18.0210325,27.6675709],[-18.0212007,27.6674908],[-18.0212189,27.6674629],[-18.0212137,27.6674298],[-18.0211455,27.6673965],[-18.0210204,27.6673882],[-18.0210063,27.6673577],[-18.0209974,27.6672602],[-18.0209619,27.6672194],[-18.0209378,27.6672134],[-18.0207543,27.6672626],[-18.020719,27.6672597],[-18.0206434,27.6672204],[-18.0206021,27.6671581],[-18.020613,27.6669674],[-18.0205932,27.66676],[-18.020601,27.6666588],[-18.020563,27.6665862],[-18.0204651,27.6664864],[-18.0205005,27.6663411],[-18.0204563,27.666154],[-18.020467,27.6660233],[-18.0204175,27.6658444],[-18.020321,27.665857],[-18.0202826,27.6659202],[-18.0202748,27.666028],[-18.0202218,27.666082],[-18.020171,27.6660843],[-18.0200528,27.6660086],[-18.0200141,27.6659704],[-18.0199835,27.6659146],[-18.0199716,27.6658369],[-18.0199471,27.6658099],[-18.0198086,27.6657192],[-18.0197335,27.6657009],[-18.0196886,27.6657156],[-18.0195613,27.6658037],[-18.0194792,27.6657381],[-18.0195025,27.6656285],[-18.0194921,27.6655462],[-18.0194353,27.6654726],[-18.0193705,27.6654572],[-18.0193547,27.6654435],[-18.0193558,27.6654249],[-18.019438,27.665331],[-18.0194674,27.6651576],[-18.0195574,27.6650918],[-18.0195147,27.6650407],[-18.0195033,27.664993],[-18.0195656,27.6649064],[-18.0195478,27.6647975],[-18.0196131,27.6646995],[-18.0195891,27.6646346],[-18.019636,27.6645099],[-18.0196301,27.6644739],[-18.0195722,27.6644184],[-18.0195684,27.6644004],[-18.019624,27.6643214],[-18.0196346,27.6642835],[-18.0196301,27.6642263],[-18.0196155,27.6642043],[-18.0195752,27.6641727],[-18.019527,27.6641589],[-18.019501,27.6641332],[-18.0194947,27.6639897],[-18.0195528,27.6639291],[-18.0195921,27.6638587],[-18.0195693,27.6638239],[-18.0195057,27.6637906],[-18.0194933,27.6637716],[-18.0194887,27.6635623],[-18.01946,27.6634904],[-18.0194964,27.6634172],[-18.0195367,27.6633675],[-18.0195382,27.6633323],[-18.0196109,27.6632605],[-18.0196496,27.6632476],[-18.0198613,27.6632329],[-18.0202201,27.663227],[-18.0202863,27.6632039],[-18.020313,27.6631611],[-18.0202949,27.6631159],[-18.0202386,27.6630975],[-18.0199002,27.6631337],[-18.0197896,27.6631578],[-18.0197479,27.6631565],[-18.019712,27.663121],[-18.0197115,27.6629436],[-18.0197772,27.6628289],[-18.0197687,27.6627907],[-18.0197128,27.6627444],[-18.0197285,27.6626448],[-18.0197938,27.6625015],[-18.0197871,27.6624397],[-18.0197685,27.6623947],[-18.0197682,27.6623307],[-18.0197541,27.662294],[-18.0196856,27.6622099],[-18.0196447,27.6621342],[-18.0196537,27.662002],[-18.0196301,27.6619698],[-18.019582,27.6619586],[-18.0195878,27.6619442],[-18.0196831,27.6618886],[-18.0197704,27.6618528],[-18.0197954,27.6618069],[-18.0197932,27.6617318],[-18.0197608,27.6615907],[-18.0197071,27.6615466],[-18.0196271,27.6615323],[-18.0196569,27.6614619],[-18.0196512,27.6614296],[-18.0196836,27.6614007],[-18.019695,27.661354],[-18.0196636,27.6613325],[-18.0196088,27.6613225],[-18.0195966,27.6613081],[-18.0196164,27.6612745],[-18.0196983,27.6612352],[-18.0197167,27.6611979],[-18.0196254,27.661159],[-18.0195716,27.6611554],[-18.0194768,27.661169],[-18.0194163,27.6611546],[-18.0194975,27.6610646],[-18.0195556,27.6609392],[-18.0195537,27.6608897],[-18.0195072,27.6608629],[-18.0194769,27.6608666],[-18.0193809,27.6609156],[-18.0193883,27.6608785],[-18.0194445,27.6608106],[-18.019442,27.6607969],[-18.0193798,27.6607566],[-18.0193054,27.6607595],[-18.019295,27.6607472],[-18.0193196,27.6606563],[-18.019316,27.6606363],[-18.0192692,27.6605967],[-18.0192659,27.6605732],[-18.0193085,27.6604739],[-18.019282,27.6604516],[-18.0192297,27.6604522],[-18.0192074,27.6604357],[-18.0192001,27.6603988],[-18.0191832,27.6603823],[-18.0190732,27.6603429],[-18.0190156,27.6602996],[-18.0190425,27.6602494],[-18.0190375,27.6602224],[-18.0190086,27.660203],[-18.018944,27.6601859],[-18.0189291,27.6601699],[-18.018931,27.6601335],[-18.0189728,27.6600453],[-18.0189686,27.6599995],[-18.0189209,27.6599736],[-18.0188574,27.6599742],[-18.01884,27.6599313],[-18.0187931,27.6598855],[-18.0187762,27.6597817],[-18.0186972,27.6597358],[-18.018621,27.6597182],[-18.0185477,27.6596697],[-18.0184983,27.6595105],[-18.0184548,27.6594981],[-18.0183646,27.6595088],[-18.0183514,27.6594748],[-18.0183679,27.6594146],[-18.0183478,27.6593984],[-18.0180991,27.6593535],[-18.018026,27.6593265],[-18.0180216,27.6592958],[-18.0180559,27.6592191],[-18.0180349,27.6591771],[-18.0179301,27.6591212],[-18.0178789,27.6590285],[-18.0177898,27.6589905],[-18.0177098,27.6589716],[-18.0176381,27.6589386],[-18.0176181,27.6589161],[-18.0176258,27.6588313],[-18.0175928,27.6587329],[-18.0175934,27.6586689],[-18.0175753,27.6586455],[-18.0174891,27.6585972],[-18.0173594,27.6585545],[-18.0172976,27.6585122],[-18.0172803,27.6583842],[-18.0172267,27.6583028],[-18.0171718,27.6582502],[-18.0171409,27.6581868],[-18.0170857,27.6581416],[-18.0171101,27.6580292],[-18.0171089,27.6579578],[-18.017074,27.6578913],[-18.0170836,27.657829],[-18.0170694,27.6577953],[-18.016927,27.6577666],[-18.0168253,27.6577695],[-18.0168199,27.6577031],[-18.0168344,27.6576126],[-18.0168054,27.6575714],[-18.0165297,27.6574939],[-18.016324,27.6573894],[-18.0161551,27.6573507],[-18.0159542,27.6573729],[-18.0159243,27.6573667],[-18.0158269,27.6573013],[-18.0157659,27.6571828],[-18.015774,27.6570786],[-18.0157094,27.6570149],[-18.0157086,27.6569997],[-18.0159107,27.6568781],[-18.0159645,27.6568057],[-18.0159774,27.6567526],[-18.0159054,27.6567452],[-18.0158005,27.6567819],[-18.0156448,27.6567893],[-18.0153913,27.6567467],[-18.0152737,27.6566945],[-18.0152232,27.6566431],[-18.0151917,27.6566001],[-18.0151868,27.6565698],[-18.0152082,27.6564799],[-18.015163,27.6563914],[-18.0151511,27.6563126],[-18.0152117,27.6560978],[-18.0152002,27.6559838],[-18.0151526,27.6559366],[-18.0150177,27.6559003],[-18.0147912,27.6559357],[-18.0146882,27.6559252],[-18.0146237,27.655884],[-18.0145874,27.6558437],[-18.0145401,27.6556722],[-18.0145117,27.6556139],[-18.0144905,27.6555786],[-18.0144317,27.6555262],[-18.0144341,27.6554843],[-18.0144781,27.6553917],[-18.0146045,27.6551974],[-18.0145982,27.6551664],[-18.0145429,27.6551586],[-18.0143936,27.6551674],[-18.0142276,27.6551185],[-18.0141143,27.655112],[-18.0140629,27.655081],[-18.0140222,27.6550128],[-18.0140025,27.6549497],[-18.014005,27.6548127],[-18.0139774,27.6547299],[-18.0142292,27.654485],[-18.0142708,27.6544076],[-18.0142612,27.6543896],[-18.014235,27.6543843],[-18.0141674,27.6543965],[-18.013983,27.6544559],[-18.0138953,27.654467],[-18.0137808,27.6544687],[-18.0137326,27.6544428],[-18.013705,27.6544485],[-18.0136542,27.6544912],[-18.0135944,27.6545027],[-18.0135294,27.6544733],[-18.0133642,27.6543664],[-18.0130897,27.6541376],[-18.0130225,27.6540279],[-18.0130058,27.6539749],[-18.0126431,27.6537625],[-18.0122644,27.6534547],[-18.012228,27.6534154],[-18.0122135,27.6533726],[-18.0122075,27.6531733],[-18.0121943,27.6531543],[-18.0121082,27.6531259],[-18.0119355,27.6531258],[-18.0118944,27.6531161],[-18.0117452,27.6530431],[-18.0115434,27.6528361],[-18.0114032,27.6527742],[-18.0113594,27.6527342],[-18.0112993,27.6526348],[-18.0111483,27.65252],[-18.0110965,27.6524518],[-18.0109781,27.6523675],[-18.010911,27.6522253],[-18.0108537,27.6521653],[-18.0107363,27.652081],[-18.01068,27.6520057],[-18.0105715,27.6519607],[-18.0104658,27.6518761],[-18.0104534,27.6518477],[-18.0104525,27.6517832],[-18.010397,27.6517476],[-18.0103055,27.6516212],[-18.0102451,27.651449],[-18.0101403,27.6512701],[-18.0100956,27.6511677],[-18.0101328,27.6510206],[-18.0101107,27.6509722],[-18.0101103,27.6509155],[-18.0100556,27.6508587],[-18.0100459,27.6508003],[-18.0100509,27.6507012],[-18.010115,27.6505827],[-18.0101168,27.6505502],[-18.010093,27.650495],[-18.0100258,27.6504341],[-18.0100226,27.6503973],[-18.0100439,27.6503548],[-18.0100417,27.6503178],[-18.009991,27.6502874],[-18.009981,27.6502603],[-18.0099817,27.6502452],[-18.0100223,27.6502063],[-18.0100218,27.650158],[-18.0099618,27.6501572],[-18.0099394,27.6501416],[-18.0098983,27.6500033],[-18.0099073,27.6498067],[-18.0098985,27.6497984],[-18.0097687,27.6497996],[-18.0096843,27.6497773],[-18.0095749,27.6497415],[-18.0093576,27.6496406],[-18.0093452,27.6496275],[-18.0094237,27.6495933],[-18.0095162,27.6495402],[-18.0095867,27.6494632],[-18.0095173,27.649466],[-18.0093207,27.6495992],[-18.0092672,27.6495954],[-18.0092466,27.6495408],[-18.0092697,27.6493989],[-18.0092264,27.6493563],[-18.0089354,27.6493657],[-18.0083953,27.6491821],[-18.0082954,27.6491481],[-18.0080385,27.6490758],[-18.0079381,27.6490715],[-18.0076753,27.6491116],[-18.0075873,27.6491077],[-18.0075559,27.6490921],[-18.0074565,27.6489924],[-18.0073977,27.6489782],[-18.0073921,27.6488827],[-18.0073715,27.6488596],[-18.0073514,27.6488558],[-18.0073133,27.6488864],[-18.0072604,27.6489637],[-18.0072168,27.6489837],[-18.0071623,27.6489699],[-18.0070999,27.6489141],[-18.0070436,27.6488862],[-18.0069591,27.648883],[-18.0069155,27.6489077],[-18.0068923,27.6489061],[-18.0068146,27.6488686],[-18.0067415,27.6489242],[-18.0066567,27.6489269],[-18.0062115,27.6488466],[-18.0061596,27.6488455],[-18.0061333,27.648829],[-18.0061436,27.6487797],[-18.0061177,27.6487673],[-18.0060971,27.6487704],[-18.0059809,27.6488457],[-18.0059134,27.6488682],[-18.0056444,27.6488545],[-18.0055059,27.6488732],[-18.0054834,27.64886],[-18.0054762,27.6487702],[-18.0054628,27.6487507],[-18.0053781,27.6487073],[-18.0053,27.648687],[-18.0052094,27.6487001],[-18.0051609,27.6486586],[-18.0050879,27.6486415],[-18.004972,27.6486257],[-18.0048748,27.6486273],[-18.0046683,27.64853],[-18.0045655,27.6484172],[-18.0044504,27.6483707],[-18.0044287,27.6483259],[-18.0044315,27.6482375],[-18.0044039,27.6481961],[-18.0043389,27.6481657],[-18.0043279,27.6481491],[-18.0043416,27.6480463],[-18.0043133,27.6480178],[-18.0042891,27.6480155],[-18.0042669,27.6480292],[-18.0042472,27.6480589],[-18.0042068,27.6482653],[-18.0041699,27.6483048],[-18.0039598,27.6483086],[-18.0037676,27.6482744],[-18.0035984,27.6482114],[-18.0033878,27.6480959],[-18.0032724,27.6480128],[-18.003099,27.6478468],[-18.002939,27.6477311],[-18.0025482,27.6475506],[-18.0023363,27.6474755],[-18.0017036,27.6473169],[-18.0014391,27.6472972],[-18.0013227,27.6473144],[-18.0012253,27.6473081],[-18.0002986,27.6471053],[-17.9998545,27.6470269],[-17.9997002,27.6469771],[-17.9995382,27.646907],[-17.9994116,27.6469028],[-17.9991978,27.6468696],[-17.9985931,27.6467411],[-17.9984682,27.6466975],[-17.9982496,27.6465972],[-17.9981539,27.646523],[-17.9979186,27.6463761],[-17.997628,27.6461508],[-17.9973651,27.6459413],[-17.9972269,27.6457995],[-17.9971308,27.6456414],[-17.9971366,27.6455936],[-17.9971865,27.6455051],[-17.9971788,27.6454797],[-17.9971296,27.6454286],[-17.9970726,27.6453981],[-17.9969979,27.6453953],[-17.996921,27.6454121],[-17.9968993,27.6454035],[-17.9968871,27.6453823],[-17.9969024,27.6453108],[-17.9969657,27.6452434],[-17.9971072,27.6451484],[-17.9971182,27.6451017],[-17.9970997,27.6450821],[-17.9970441,27.6450552],[-17.9970074,27.6450559],[-17.9969222,27.6450823],[-17.9967994,27.6451593],[-17.9966639,27.6453214],[-17.9965847,27.6453224],[-17.9965399,27.6452869],[-17.9965164,27.6451697],[-17.9964716,27.6450734],[-17.9963737,27.6449915],[-17.9961351,27.6448691],[-17.9960291,27.6447273],[-17.9959602,27.6445545],[-17.9959608,27.6444197],[-17.9959862,27.6441603],[-17.9960101,27.6440907],[-17.9960141,27.6438627],[-17.9960597,27.6437396],[-17.9961088,27.6436756],[-17.9961461,27.6435576],[-17.9961556,27.6434689],[-17.9961888,27.6434272],[-17.9961806,27.6433645],[-17.9961431,27.6432605],[-17.996155,27.6429719],[-17.996162,27.6429401],[-17.9962206,27.6429022],[-17.9962527,27.6428524],[-17.9962468,27.6428209],[-17.9962,27.6427677],[-17.9961936,27.6427423],[-17.9962237,27.6426784],[-17.9962482,27.6426584],[-17.9963509,27.642649],[-17.9964043,27.642613],[-17.9964044,27.6425874],[-17.9963736,27.6425624],[-17.9962728,27.6425508],[-17.9962501,27.6425321],[-17.9962501,27.6424732],[-17.9962804,27.6423688],[-17.9962886,27.6422381],[-17.9962573,27.642041],[-17.9962184,27.6419182],[-17.9960272,27.6415352],[-17.995927,27.6413832],[-17.9958069,27.6412396],[-17.9957302,27.641114],[-17.9957538,27.6410204],[-17.995699,27.6409677],[-17.995727,27.6409176],[-17.9957201,27.6408986],[-17.9957007,27.6408821],[-17.9956766,27.6408796],[-17.9955613,27.6409278],[-17.9955322,27.6409254],[-17.9954584,27.6408797],[-17.9953882,27.6408051],[-17.9953627,27.640794],[-17.9952102,27.640786],[-17.9951104,27.6406515],[-17.9949914,27.6405574],[-17.9949624,27.6405446],[-17.9947383,27.640534],[-17.9947249,27.6405218],[-17.9947275,27.6405051],[-17.9947805,27.6404655],[-17.9947972,27.6404354],[-17.9947755,27.6404122],[-17.9946875,27.6403682],[-17.994705,27.6402969],[-17.9946711,27.6402684],[-17.9946193,27.6402707],[-17.9945178,27.6403123],[-17.994398,27.6403264],[-17.9943333,27.6403671],[-17.9942651,27.640387],[-17.9941665,27.6403718],[-17.9940631,27.6403295],[-17.9939241,27.6402462],[-17.9938645,27.6402383],[-17.9938374,27.6402479],[-17.9938233,27.6402805],[-17.9938249,27.6403332],[-17.9938122,27.6403506],[-17.9937918,27.640355],[-17.9936464,27.640256],[-17.9935982,27.6401834],[-17.9935222,27.6401733],[-17.9934656,27.6401507],[-17.9934567,27.6401355],[-17.993471,27.6401188],[-17.9935362,27.6400854],[-17.9935159,27.6400564],[-17.9933717,27.6400031],[-17.9932147,27.6399928],[-17.9928758,27.6398213],[-17.9928022,27.6398035],[-17.9927095,27.6397444],[-17.9927027,27.6397052],[-17.9926621,27.639679],[-17.992444,27.6396948],[-17.9924,27.6396764],[-17.9923629,27.6396299],[-17.9923089,27.639602],[-17.9922058,27.6396074],[-17.9921372,27.6395785],[-17.9920656,27.6395772],[-17.9919831,27.6395522],[-17.9919533,27.639517],[-17.9919496,27.639394],[-17.9919159,27.6393477],[-17.9918725,27.6393306],[-17.9917903,27.6393248],[-17.9916378,27.6393804],[-17.9915812,27.6393315],[-17.9915793,27.6392954],[-17.9916038,27.6392686],[-17.9918146,27.6392589],[-17.9919008,27.6392354],[-17.9919352,27.6392006],[-17.9919278,27.6391582],[-17.9918474,27.6390435],[-17.9918223,27.6390298],[-17.991746,27.6390305],[-17.9916679,27.6389543],[-17.991569,27.6388969],[-17.991389,27.6388535],[-17.991276,27.6388761],[-17.9912564,27.6388628],[-17.9912495,27.6388144],[-17.9912225,27.6387608],[-17.9912038,27.6387463],[-17.9910546,27.6387024],[-17.9909251,27.6387297],[-17.9908079,27.6387087],[-17.9907338,27.6387576],[-17.9907008,27.6387668],[-17.9904381,27.6387402],[-17.9903787,27.6387682],[-17.9903174,27.638771],[-17.9901136,27.6387477],[-17.9898595,27.6386847],[-17.989764,27.6386808],[-17.9895535,27.6387131],[-17.9895349,27.6387021],[-17.9895321,27.6386382],[-17.9895047,27.6386102],[-17.989452,27.6386044],[-17.9893675,27.6386325],[-17.9893229,27.6386118],[-17.9893273,27.6384701],[-17.9893164,27.6384443],[-17.9893,27.6384386],[-17.9892458,27.638465],[-17.9892271,27.6384632],[-17.9892258,27.6384088],[-17.9892147,27.6383991],[-17.9891957,27.6383985],[-17.9891383,27.6384327],[-17.9891142,27.6384285],[-17.9891035,27.63839],[-17.9890641,27.6383413],[-17.9889586,27.6383397],[-17.988918,27.6383256],[-17.988888,27.6382873],[-17.9888784,27.6381964],[-17.9888574,27.6381743],[-17.9888149,27.6381885],[-17.9887614,27.6381608],[-17.9885961,27.6381488],[-17.9885444,27.6381326],[-17.9884711,27.6381523],[-17.9884118,27.638115],[-17.9884009,27.6380647],[-17.9883787,27.6380384],[-17.9883523,27.6380343],[-17.9883028,27.6380597],[-17.9882527,27.6380532],[-17.9882059,27.6380754],[-17.9881238,27.6380127],[-17.9880548,27.6380392],[-17.9878975,27.6380154],[-17.9878409,27.6379689],[-17.9877378,27.6379469],[-17.9876937,27.6379592],[-17.9876266,27.6379527],[-17.9875517,27.6379988],[-17.987532,27.6379954],[-17.9875171,27.6379714],[-17.9875256,27.6378549],[-17.9874972,27.637824],[-17.9873857,27.637839],[-17.9872704,27.6379118],[-17.98722,27.637929],[-17.9871734,27.6379276],[-17.9871066,27.6378937],[-17.9870398,27.6378901],[-17.9869919,27.6378124],[-17.9869619,27.6378085],[-17.9869227,27.6378472],[-17.9869089,27.637835],[-17.9869035,27.6377664],[-17.9868677,27.6377394],[-17.9868498,27.6377412],[-17.9868167,27.6377697],[-17.9867651,27.6377389],[-17.9867285,27.6377504],[-17.9866683,27.637862],[-17.9865919,27.6379488],[-17.9865731,27.6379525],[-17.9864607,27.6379014],[-17.9864381,27.6379014],[-17.986348,27.6379729],[-17.9862842,27.6380702],[-17.9862652,27.6380822],[-17.9861701,27.6380522],[-17.986088,27.6381095],[-17.9860384,27.6380949],[-17.9859735,27.6380456],[-17.9858727,27.6380702],[-17.9858489,27.6381543],[-17.9857967,27.6381406],[-17.9857706,27.6381532],[-17.9856531,27.6382539],[-17.9855507,27.6383003],[-17.9854959,27.6383517],[-17.9854843,27.6383923],[-17.9854685,27.6384039],[-17.9853065,27.638441],[-17.9852538,27.6384667],[-17.9850833,27.6386537],[-17.9850028,27.6387055],[-17.9848777,27.6388186],[-17.9847631,27.6387474],[-17.9844249,27.6384586],[-17.9842247,27.6383479],[-17.9840368,27.6382647],[-17.9837324,27.6382024],[-17.9835761,27.6381817],[-17.9834112,27.6381881],[-17.9833202,27.6382126],[-17.983268,27.6382794],[-17.983257,27.6383364],[-17.9832965,27.6383887],[-17.983353,27.6384229],[-17.9834277,27.6384368],[-17.9835638,27.6384247],[-17.9838102,27.6384547],[-17.98402,27.6385434],[-17.9841984,27.6386396],[-17.9843732,27.6387683],[-17.9845585,27.6390158],[-17.9845748,27.6391033],[-17.9844029,27.6392945],[-17.9843197,27.6393619],[-17.9842736,27.6394163],[-17.9842152,27.6394539],[-17.9841713,27.6395251],[-17.9841286,27.6395597],[-17.9840203,27.6396474],[-17.983839,27.6397227],[-17.9838343,27.6397262],[-17.9837824,27.6397653],[-17.9836954,27.6398038],[-17.9836519,27.6398061],[-17.9836033,27.6398446],[-17.9835036,27.6398514],[-17.9834703,27.6398899],[-17.9834109,27.6398923],[-17.9834135,27.6397154],[-17.9833957,27.6396465],[-17.9833701,27.6396158],[-17.9833112,27.6395838],[-17.9831984,27.6395761],[-17.9831322,27.6395968],[-17.9830957,27.6396344],[-17.9829969,27.6396445],[-17.9827875,27.6396888],[-17.9826137,27.6397756],[-17.9825052,27.6397895],[-17.9823672,27.639842],[-17.9823405,27.6398448],[-17.9822789,27.6398127],[-17.9822486,27.6398107],[-17.9822213,27.6398298],[-17.9822052,27.6398616],[-17.9821951,27.6399739],[-17.9821866,27.6400005],[-17.9821642,27.6400162],[-17.9821216,27.6399994],[-17.9819986,27.6398677],[-17.9819439,27.6398704],[-17.981934,27.6398834],[-17.9819243,27.6400274],[-17.9818861,27.6400521],[-17.9818547,27.6400492],[-17.9818107,27.6400322],[-17.9817818,27.6399951],[-17.9817691,27.6399617],[-17.9817842,27.6399097],[-17.9818295,27.6398964],[-17.9818244,27.63984],[-17.9816569,27.6394778],[-17.9816133,27.6394422],[-17.9815614,27.6394407],[-17.9815396,27.6393977],[-17.9814525,27.6394229],[-17.9816736,27.6400151],[-17.9815665,27.6400254],[-17.9815648,27.6400457],[-17.9816221,27.6401067],[-17.9816238,27.6401589],[-17.9815681,27.6402619],[-17.9815288,27.6402996],[-17.9815288,27.64033],[-17.9814911,27.6403489],[-17.9814355,27.640346],[-17.9813978,27.64033],[-17.9813323,27.6403286],[-17.9813078,27.6403431],[-17.9812455,27.640317],[-17.9811981,27.6404591],[-17.9811948,27.6405026],[-17.9812193,27.6405331],[-17.9812226,27.6405824],[-17.9811964,27.6406071],[-17.9811915,27.6406419],[-17.9810654,27.640652],[-17.9809672,27.6406738],[-17.9809344,27.640713],[-17.9808264,27.6407405],[-17.9807887,27.6407376],[-17.9807543,27.6407173],[-17.980679,27.6406491],[-17.9806387,27.6406396],[-17.9806071,27.6406717],[-17.9805743,27.6405915],[-17.980545,27.6405332],[-17.9805424,27.6404856],[-17.9805177,27.6404784],[-17.9804625,27.6404926],[-17.9804996,27.6406487],[-17.9805514,27.6407156],[-17.9805036,27.6407341],[-17.9804713,27.6407388],[-17.980414,27.6407528],[-17.9802892,27.6407533],[-17.9801902,27.64074],[-17.9799898,27.6406871],[-17.9799401,27.6407017],[-17.9798945,27.6406845],[-17.9798846,27.6405419],[-17.9798232,27.6405261],[-17.9797917,27.6404602],[-17.9797939,27.6403656],[-17.9797249,27.6401564],[-17.9796752,27.6401696],[-17.9796503,27.6400951],[-17.9797015,27.6400816],[-17.9796115,27.639793],[-17.9797895,27.6397467],[-17.9797787,27.6397141],[-17.9796013,27.6397603],[-17.979586,27.6397073],[-17.9797655,27.6396609],[-17.9797539,27.6396259],[-17.9795744,27.6396723],[-17.9795091,27.639465],[-17.9817652,27.6388803],[-17.9818008,27.6389232],[-17.9818731,27.6389415],[-17.9818827,27.6389397],[-17.9819455,27.6389277],[-17.9820179,27.6388945],[-17.9820619,27.6388258],[-17.9820645,27.6387136],[-17.9820063,27.6386117],[-17.9819158,27.6385441],[-17.9817309,27.6385613],[-17.9812205,27.6387017],[-17.9809297,27.6387965],[-17.9807014,27.6388449],[-17.9805474,27.6388888],[-17.9804227,27.6389182],[-17.9803096,27.638954],[-17.9800975,27.6389898],[-17.9797878,27.6390624],[-17.979608,27.6391016],[-17.9794617,27.6391347],[-17.9792829,27.6391729],[-17.9791462,27.6392188],[-17.9789765,27.6392779],[-17.978825,27.6392707],[-17.9785968,27.6393709],[-17.9781746,27.6395087],[-17.9778939,27.6395803],[-17.9778171,27.6396787],[-17.977805,27.6398272],[-17.9778252,27.6399041],[-17.9777871,27.6399368],[-17.9777412,27.639951],[-17.9777395,27.6399961],[-17.9777053,27.6400198],[-17.9777614,27.640096],[-17.9777668,27.6401365],[-17.9777557,27.6401629],[-17.9776953,27.6402365],[-17.977616,27.6402955],[-17.9774342,27.6403992],[-17.9773748,27.6403947],[-17.9773081,27.6403375],[-17.9772814,27.6403276],[-17.9772233,27.6403342],[-17.9771985,27.6403485],[-17.9771848,27.6403764],[-17.9771753,27.6405036],[-17.9771466,27.6405674],[-17.97712,27.6405858],[-17.977029,27.6406013],[-17.9769973,27.6406253],[-17.9769847,27.6406897],[-17.9769934,27.640752],[-17.9769519,27.6408363],[-17.9769441,27.6409238],[-17.9768968,27.6409739],[-17.9767436,27.6410334],[-17.9766596,27.6410347],[-17.9766189,27.6410464],[-17.9765244,27.6411102],[-17.9764915,27.6411117],[-17.9764396,27.641091],[-17.9763044,27.6409851],[-17.9761641,27.6409804],[-17.9761209,27.6410063],[-17.9760837,27.6410688],[-17.9760855,27.6411373],[-17.9760985,27.6411674],[-17.9761732,27.6412751],[-17.9761711,27.6412978],[-17.976151,27.6413137],[-17.9760025,27.6413686],[-17.9759776,27.6413645],[-17.9759195,27.6413078],[-17.9758621,27.641276],[-17.9758106,27.6412575],[-17.9757863,27.6412602],[-17.9757576,27.6413328],[-17.9756882,27.641313],[-17.9756623,27.6413189],[-17.975619,27.64136],[-17.9755568,27.6413667],[-17.9755301,27.6413813],[-17.9754865,27.6414412],[-17.9754683,27.64151],[-17.9755332,27.6416144],[-17.9755331,27.641642],[-17.97552,27.6416806],[-17.9754964,27.6416977],[-17.9754525,27.6417019],[-17.9754444,27.6417708],[-17.9754628,27.6418157],[-17.9755098,27.6418413],[-17.9754969,27.6419464],[-17.9755181,27.6420107],[-17.9755879,27.6420866],[-17.9755834,27.6421473],[-17.9754907,27.6422371],[-17.9754194,27.6422598],[-17.9753162,27.6422449],[-17.9752971,27.6422495],[-17.9752662,27.6422854],[-17.975318,27.6423439],[-17.9752936,27.6424033],[-17.9752926,27.6424389],[-17.9753749,27.6425303],[-17.9753815,27.6425907],[-17.9754198,27.6426285],[-17.9754177,27.6426535],[-17.9753696,27.6426739],[-17.9752805,27.6426566],[-17.9752557,27.6426663],[-17.9752252,27.642706],[-17.9751541,27.6427151],[-17.9751515,27.6427577],[-17.9751893,27.6428267],[-17.9751893,27.6428895],[-17.9752054,27.6429168],[-17.975193,27.642973],[-17.9752146,27.6429924],[-17.9752623,27.6430002],[-17.9752683,27.6430132],[-17.9752396,27.6430726],[-17.9752917,27.6431546],[-17.9752862,27.6433503],[-17.9752641,27.6434068],[-17.975218,27.6434401],[-17.975184,27.6434392],[-17.9751041,27.6434116],[-17.974988,27.6433557],[-17.9749315,27.6433656],[-17.9749164,27.6433892],[-17.9749158,27.6434317],[-17.9749328,27.6434921],[-17.9749714,27.6435395],[-17.9751041,27.64365],[-17.975119,27.6436752],[-17.975118,27.6437042],[-17.9750616,27.6437409],[-17.9749993,27.6437603],[-17.9749514,27.6437969],[-17.9748988,27.6437789],[-17.9748403,27.6437856],[-17.9748174,27.6438364],[-17.9748429,27.6439],[-17.9748392,27.6439268],[-17.9748087,27.6439849],[-17.9747643,27.6440208],[-17.9747208,27.6439926],[-17.9746816,27.6439961],[-17.9745687,27.6441356],[-17.9745582,27.6441797],[-17.9745214,27.6442211],[-17.9744936,27.6442382],[-17.9744436,27.6442372],[-17.9744075,27.6442823],[-17.9744081,27.6444049],[-17.9742774,27.6446043],[-17.9742691,27.6447129],[-17.9743003,27.6447743],[-17.9743314,27.6447919],[-17.9744247,27.6448097],[-17.9745118,27.6448049],[-17.974528,27.6448128],[-17.9745265,27.6448346],[-17.974428,27.6449988],[-17.9743691,27.6451284],[-17.9743495,27.6451416],[-17.974265,27.6451124],[-17.9741943,27.6451268],[-17.9741331,27.645113],[-17.9741041,27.6451454],[-17.9740911,27.6452493],[-17.9740721,27.6452625],[-17.9740271,27.6452507],[-17.9739199,27.6451903],[-17.9738679,27.6452064],[-17.9738531,27.6452294],[-17.9738581,27.6452806],[-17.9739019,27.6452936],[-17.9739089,27.6453103],[-17.9739046,27.6453345],[-17.9738612,27.6453859],[-17.9735964,27.6455515],[-17.973443,27.6456328],[-17.9734121,27.6456373],[-17.9733175,27.6456072],[-17.9732771,27.6456231],[-17.9732548,27.645667],[-17.9732267,27.6456793],[-17.973012,27.6456648],[-17.972913,27.6456834],[-17.9728929,27.645701],[-17.9728928,27.645726],[-17.9729747,27.6458282],[-17.972984,27.645857],[-17.9729817,27.6458852],[-17.9729645,27.6459004],[-17.9729073,27.6459108],[-17.9728995,27.6459815],[-17.9729567,27.646062],[-17.9729635,27.6461835],[-17.9729988,27.6462697],[-17.9729881,27.6462894],[-17.9729247,27.6463153],[-17.9728957,27.6463683],[-17.9728763,27.6463634],[-17.9728545,27.6463283],[-17.972814,27.6463294],[-17.9727666,27.6463737],[-17.9726984,27.6464002],[-17.9726647,27.6464491],[-17.9726702,27.6464972],[-17.9727349,27.6465568],[-17.9728089,27.6466572],[-17.9728083,27.646708],[-17.9727899,27.6467278],[-17.9726959,27.6467651],[-17.9725936,27.6467789],[-17.972517,27.6468202],[-17.9724431,27.6468189],[-17.9723347,27.6467667],[-17.972279,27.6467679],[-17.9722412,27.6468099],[-17.972213,27.6470137],[-17.9721793,27.6470707],[-17.9721492,27.6470929],[-17.9720317,27.6471355],[-17.9719517,27.647135],[-17.9718665,27.6470997],[-17.9718199,27.6471015],[-17.9717146,27.6472358],[-17.9717008,27.6472869],[-17.9716807,27.6473036],[-17.9716585,27.6473054],[-17.9716472,27.6472893],[-17.9716483,27.6472397],[-17.9716384,27.6472269],[-17.9716163,27.6472281],[-17.9715972,27.647239],[-17.9714869,27.6473844],[-17.9713592,27.6474094],[-17.9713407,27.6474249],[-17.9713193,27.647512],[-17.9712954,27.6475316],[-17.9712547,27.6475368],[-17.9712243,27.6475668],[-17.9711683,27.6475543],[-17.971139,27.6475693],[-17.9710692,27.6476422],[-17.9709907,27.6477356],[-17.9709706,27.6478192],[-17.9709216,27.6478402],[-17.9708574,27.6478102],[-17.9708168,27.6478201],[-17.9708111,27.6478431],[-17.9708531,27.6479637],[-17.9708235,27.6480173],[-17.9707906,27.6480208],[-17.9706863,27.6479817],[-17.970636,27.6479885],[-17.9706211,27.6480365],[-17.9706487,27.6481273],[-17.970607,27.6482122],[-17.970532,27.6482994],[-17.9705065,27.6482964],[-17.9704357,27.6482519],[-17.9704117,27.6482551],[-17.9703939,27.6482747],[-17.970378,27.6483472],[-17.9703263,27.6484116],[-17.9703335,27.6484625],[-17.9703567,27.6484754],[-17.97044,27.6484697],[-17.970446,27.6484914],[-17.9703829,27.6486254],[-17.9703741,27.6486801],[-17.970418,27.6487647],[-17.9704123,27.6488278],[-17.9703831,27.6489023],[-17.9703845,27.6489629],[-17.9704415,27.6490528],[-17.9704559,27.6491202],[-17.9705456,27.649227],[-17.9706276,27.6493539],[-17.9708318,27.6495802],[-17.9708856,27.6497106],[-17.970977,27.6497977],[-17.9710049,27.6498544],[-17.9711114,27.6499815],[-17.9711438,27.6500816],[-17.9711968,27.6501732],[-17.9712092,27.6502936],[-17.9712298,27.6503461],[-17.971285,27.6503777],[-17.9712717,27.6504248],[-17.9712326,27.6504581],[-17.9712291,27.6505113],[-17.9712398,27.6505383],[-17.9712698,27.6505561],[-17.971378,27.6505671],[-17.9714488,27.6506103],[-17.971469,27.65065],[-17.9714633,27.6507071],[-17.9714087,27.6508806],[-17.9713942,27.6511414],[-17.9713984,27.6513068],[-17.9713399,27.6514771],[-17.9713464,27.6515407],[-17.9713819,27.651597],[-17.9713843,27.6517148],[-17.9713746,27.6517455],[-17.9713219,27.6518066],[-17.9713154,27.6520129],[-17.9712746,27.6522123],[-17.9712836,27.6525298],[-17.9713032,27.6526389],[-17.9712643,27.6529562],[-17.9712824,27.6530251],[-17.9712874,27.6531243],[-17.9713273,27.6532015],[-17.9713229,27.6532405],[-17.9712854,27.6533099],[-17.971285,27.6533472],[-17.9712977,27.6533837],[-17.9713431,27.6534251],[-17.9713536,27.653455],[-17.9713604,27.6536612],[-17.9713276,27.6538276],[-17.9711965,27.6542548],[-17.9711202,27.6543637],[-17.9710777,27.6545686],[-17.9710605,27.6547747],[-17.9709799,27.6549106],[-17.9709389,27.6550205],[-17.9708906,27.6552899],[-17.9708631,27.6553753],[-17.9708639,27.6554132],[-17.9709347,27.6556155],[-17.9709348,27.6556494],[-17.9708861,27.6557529],[-17.9708609,27.6558754],[-17.9707435,27.656009],[-17.9707397,27.6560852],[-17.9708152,27.6562604],[-17.9708181,27.6562997],[-17.9707132,27.6565267],[-17.9706249,27.657084],[-17.9705856,27.6571524],[-17.9705223,27.6571949],[-17.970531,27.6573501],[-17.970474,27.657487],[-17.9704639,27.657556],[-17.9704765,27.6575821],[-17.9705258,27.6576093],[-17.9705441,27.657633],[-17.9705511,27.657736],[-17.9704727,27.6579614],[-17.9704664,27.6579967],[-17.970487,27.658091],[-17.9704415,27.6582262],[-17.9704427,27.6583099],[-17.9704656,27.6584532],[-17.9704984,27.6585386],[-17.9705606,27.6586271],[-17.9706365,27.6587056],[-17.9707614,27.6587953],[-17.9708483,27.6589526],[-17.9708557,27.6590537],[-17.9709003,27.6591947],[-17.9709277,27.6593699],[-17.9710098,27.6595757],[-17.9710235,27.659754],[-17.9711549,27.6600844],[-17.9711559,27.660253],[-17.9711899,27.6604261],[-17.9711718,27.6606972],[-17.971177,27.6608411],[-17.9711556,27.6610391],[-17.97124,27.6613439],[-17.9712582,27.6614937],[-17.9711884,27.6616679],[-17.9711424,27.6617363],[-17.9711316,27.6617736],[-17.9711404,27.6618395],[-17.9711787,27.6619224],[-17.9711597,27.6620145],[-17.971118,27.6620459],[-17.9709893,27.6620171],[-17.970891,27.6620608],[-17.9708863,27.6620833],[-17.9709069,27.6621084],[-17.9709425,27.662123],[-17.9710178,27.6621228],[-17.9710445,27.6621327],[-17.97105,27.6621616],[-17.9710323,27.6621973],[-17.9709316,27.6622911],[-17.9708571,27.6624989],[-17.9708368,27.6625888],[-17.9708443,27.6626971],[-17.970829,27.6628254],[-17.9707843,27.6629845],[-17.9707925,27.6630701],[-17.9708336,27.6631571],[-17.9708386,27.6631952],[-17.9708297,27.6635459],[-17.9708831,27.6636862],[-17.9708897,27.6639254],[-17.9708488,27.6639826],[-17.9708437,27.6640137],[-17.970854,27.6640446],[-17.9709013,27.6641034],[-17.9708992,27.6642064],[-17.9709286,27.664313],[-17.970933,27.6644075],[-17.9709752,27.6644828],[-17.9710186,27.6646352],[-17.9711913,27.6649168],[-17.9712228,27.6649451],[-17.9713901,27.6649975],[-17.9714292,27.6650399],[-17.9714239,27.6650645],[-17.9712983,27.6652309],[-17.9713169,27.665284],[-17.9714044,27.6653216],[-17.9714308,27.6653618],[-17.9714114,27.6654225],[-17.9713238,27.6654872],[-17.9713117,27.665524],[-17.9713496,27.6655595],[-17.971434,27.6655599],[-17.9714524,27.6655724],[-17.971441,27.6657456],[-17.9714597,27.6658063],[-17.9714835,27.6660314],[-17.9716351,27.6663523],[-17.9716527,27.6664406],[-17.9716424,27.6665532],[-17.9716743,27.6666302],[-17.9717163,27.6666802],[-17.9717291,27.6668196],[-17.9717765,27.6669136],[-17.9717489,27.6671487],[-17.9717143,27.667263],[-17.9716758,27.6673274],[-17.9715837,27.6673939],[-17.9715236,27.6674042],[-17.9714559,27.6673748],[-17.9714153,27.6673818],[-17.9712725,27.6675664],[-17.9712788,27.6676],[-17.9713018,27.6676141],[-17.9713998,27.6675639],[-17.9714619,27.6675592],[-17.9714926,27.6675932],[-17.9714936,27.6676213],[-17.9714632,27.6676857],[-17.9713138,27.6677845],[-17.9712547,27.6678702],[-17.9712503,27.6679338],[-17.9713125,27.668046],[-17.9712859,27.6681599],[-17.9713203,27.6682435],[-17.9714017,27.6683277],[-17.9714352,27.668397],[-17.971458,27.6684217],[-17.9715367,27.6684553],[-17.971554,27.6684756],[-17.9715832,27.6686038],[-17.9715742,27.6686455],[-17.9715266,27.6687305],[-17.9715237,27.6687624],[-17.9715376,27.6687917],[-17.9716002,27.6688273],[-17.9716715,27.6688104],[-17.9717142,27.6688435],[-17.9717298,27.6688734],[-17.9717202,27.6691536],[-17.9717584,27.6692714],[-17.9718029,27.669333],[-17.9719344,27.6694549],[-17.9720212,27.6695354],[-17.9721809,27.669746],[-17.9722859,27.6699351],[-17.9723309,27.6700238],[-17.9725348,27.6705645],[-17.9725979,27.6708297],[-17.9725942,27.6709202],[-17.9725751,27.6709995],[-17.9724983,27.6711506],[-17.9724363,27.6713841],[-17.9724399,27.6715853],[-17.9723944,27.671932],[-17.9723325,27.6720844],[-17.9722151,27.6722952],[-17.9721154,27.6727058],[-17.972063,27.6727716],[-17.9718219,27.6729633],[-17.9716981,27.6731097],[-17.9716247,27.6732326],[-17.9716093,27.6733125],[-17.9716232,27.6735867],[-17.9716062,27.6736671],[-17.971503,27.673776],[-17.9713692,27.674023],[-17.9712322,27.6741238],[-17.9709814,27.6742651],[-17.9708855,27.6743636],[-17.9707735,27.6745465],[-17.9707063,27.6747504],[-17.9706284,27.674856],[-17.9706234,27.6749617],[-17.9706066,27.6749965],[-17.9704954,27.6751418],[-17.970436,27.6752653],[-17.9704,27.6753001],[-17.9703181,27.675429],[-17.970194,27.6755112],[-17.9701276,27.6756023],[-17.970089,27.6756206],[-17.9699945,27.6756146],[-17.9699594,27.6755964],[-17.9698339,27.675487],[-17.9697752,27.6754603],[-17.9697084,27.6754759],[-17.9696597,27.6755203],[-17.9696533,27.6756269],[-17.9696766,27.6757006],[-17.9699127,27.6759541],[-17.9699613,27.6760337],[-17.9699686,27.6760737],[-17.9699671,27.6761086],[-17.9699087,27.6762681],[-17.9697972,27.6764667],[-17.9696871,27.6767285],[-17.9696249,27.6768147],[-17.9694771,27.6769365],[-17.9687307,27.6774586],[-17.9685965,27.6775137],[-17.968288,27.6776826],[-17.9679545,27.6778222],[-17.9678513,27.6779004],[-17.9677474,27.6781164],[-17.9677395,27.6781451],[-17.9676913,27.6783214],[-17.9675342,27.6786991],[-17.9675307,27.6787607],[-17.9675884,27.6789425],[-17.9675914,27.6790101],[-17.9675648,27.6791521],[-17.9674607,27.6793133],[-17.967334,27.6794251],[-17.9672149,27.6794763],[-17.9671509,27.6794713],[-17.9670937,27.6794148],[-17.9670643,27.6794156],[-17.9669699,27.6794528],[-17.9668201,27.6794615],[-17.9667989,27.6794509],[-17.9667842,27.6793685],[-17.966744,27.6793431],[-17.9667119,27.6793517],[-17.9666175,27.679344],[-17.9665396,27.6794251],[-17.96654,27.6794747],[-17.9666305,27.6797199],[-17.9666287,27.6797885],[-17.9665833,27.6798723],[-17.9666106,27.679955],[-17.9666645,27.6800023],[-17.9667405,27.6800316],[-17.9667758,27.6800278],[-17.9668136,27.6799947],[-17.9669262,27.6799642],[-17.9670385,27.6799517],[-17.9670842,27.6799644],[-17.9671975,27.6800306],[-17.967235,27.6800334],[-17.9672934,27.680015],[-17.9673299,27.6800262],[-17.9673775,27.6800647],[-17.9673914,27.6801878],[-17.967411,27.6804042],[-17.9674218,27.6805073],[-17.9674077,27.6806981],[-17.9674112,27.6809636],[-17.9673889,27.6810755],[-17.9673327,27.6811761],[-17.9673364,27.681305],[-17.9673166,27.6814427],[-17.9673189,27.6815218],[-17.9672978,27.6816451],[-17.9672396,27.6818122],[-17.9671658,27.6818997],[-17.9671093,27.6819061],[-17.9670179,27.6818883],[-17.9669885,27.6818989],[-17.9669294,27.6819505],[-17.9669025,27.681944],[-17.9668653,27.6819113],[-17.9668359,27.6819118],[-17.9667749,27.6819347],[-17.9667532,27.681958],[-17.9666895,27.6819654],[-17.9666528,27.6820054],[-17.9666301,27.6820636],[-17.9666515,27.682221],[-17.9667697,27.6823115],[-17.9668622,27.6823643],[-17.9669391,27.6823618],[-17.9670742,27.6823626],[-17.9671935,27.682462],[-17.9672385,27.6825691],[-17.967226,27.6826682],[-17.9671924,27.6827873],[-17.9671291,27.6828593],[-17.9670969,27.6828763],[-17.9670616,27.6828696],[-17.9669337,27.6827913],[-17.9669081,27.6827891],[-17.9668247,27.6828747],[-17.9667539,27.6828539],[-17.9666271,27.6828818],[-17.9665461,27.6829232],[-17.9664813,27.6829959],[-17.9664709,27.6830276],[-17.9664655,27.6832721],[-17.9664908,27.6835756],[-17.9665332,27.6837181],[-17.9665945,27.6838141],[-17.9666786,27.6838899],[-17.9667405,27.6838896],[-17.9669153,27.6838289],[-17.9669958,27.6837702],[-17.9670438,27.6837523],[-17.9670935,27.6837551],[-17.9671094,27.6837798],[-17.9671521,27.6845412],[-17.9670781,27.6848044],[-17.9669527,27.6851445],[-17.9668932,27.6852276],[-17.9668278,27.6854074],[-17.9666617,27.6856323],[-17.9665555,27.6858915],[-17.9664603,27.6860451],[-17.9663801,27.6861093],[-17.9662888,27.6861409],[-17.9662287,27.6861432],[-17.9661691,27.6861102],[-17.9661198,27.6859792],[-17.9660912,27.6859382],[-17.9660386,27.6859192],[-17.965958,27.6858963],[-17.9659169,27.6859291],[-17.9659031,27.6860025],[-17.9657967,27.6860586],[-17.9657546,27.6861063],[-17.9656432,27.686142],[-17.9656042,27.6861693],[-17.9655783,27.686211],[-17.9655576,27.6863434],[-17.9655631,27.6865136],[-17.9656973,27.6867045],[-17.9658338,27.6867161],[-17.9659493,27.6867611],[-17.9660014,27.6869352],[-17.9659417,27.6871298],[-17.9658444,27.6871913],[-17.965659,27.6870952],[-17.9656127,27.6871135],[-17.9656655,27.6872901],[-17.965622,27.6873802],[-17.9655164,27.6875347],[-17.9653268,27.6876382],[-17.9652709,27.6876647],[-17.9652041,27.6876644],[-17.965171,27.6876371],[-17.9651534,27.6875861],[-17.9650808,27.687566],[-17.9650371,27.6875216],[-17.9649658,27.6875098],[-17.9648811,27.6876179],[-17.9647928,27.6876371],[-17.9647934,27.6877002],[-17.9648334,27.6877436],[-17.9648461,27.6877784],[-17.9648583,27.6878927],[-17.9649131,27.6880405],[-17.9649886,27.6882296],[-17.9649526,27.6883661],[-17.9650065,27.6883736],[-17.9650529,27.6883707],[-17.9650451,27.6884559],[-17.9649947,27.6885553],[-17.9648917,27.6887101],[-17.9647904,27.6890172],[-17.9646885,27.6892472],[-17.9646014,27.6894685],[-17.9644114,27.6898803],[-17.9639833,27.6902759],[-17.9637515,27.6905045],[-17.9635598,27.6908019],[-17.9634085,27.6910791],[-17.9633247,27.6912107],[-17.9632558,27.6912986],[-17.9631204,27.6913893],[-17.9629258,27.6914903],[-17.9627916,27.6915536],[-17.9626494,27.6916151],[-17.9625144,27.6916334],[-17.962424,27.6916723],[-17.9621051,27.6919932],[-17.9619359,27.6921323],[-17.9616433,27.6922316],[-17.9615388,27.6923439],[-17.9614404,27.6924008],[-17.9613655,27.6924515],[-17.9612764,27.6924835],[-17.9608155,27.6924888],[-17.9606391,27.692526],[-17.960537,27.6925261],[-17.9604248,27.6924541],[-17.9603372,27.6923483],[-17.9603084,27.692288],[-17.9602971,27.6921679],[-17.9602751,27.6920904],[-17.9600732,27.691948],[-17.9600159,27.6919254],[-17.9599673,27.6919334],[-17.9598854,27.691996],[-17.9597889,27.6921234],[-17.9596729,27.6922207],[-17.9595732,27.6922613],[-17.9592936,27.6922681],[-17.9590752,27.6923095],[-17.9589854,27.6923799],[-17.9588001,27.6924929],[-17.9588185,27.6925812],[-17.9590552,27.6927415],[-17.9592043,27.692904],[-17.9595499,27.6929899],[-17.9596893,27.6930954],[-17.9598439,27.693364],[-17.9596758,27.693827],[-17.9595843,27.694017],[-17.959474,27.6941134],[-17.9593261,27.6941791],[-17.9592959,27.6942079],[-17.9592584,27.6942903],[-17.9591946,27.6943403],[-17.9592083,27.6944547],[-17.9593531,27.6944874],[-17.9595335,27.6944811],[-17.9595467,27.6946929],[-17.9593995,27.6949472],[-17.959082,27.6951095],[-17.958613,27.6951227],[-17.9583498,27.6952125],[-17.9582807,27.6952927],[-17.9582869,27.6954046],[-17.9582763,27.6954633],[-17.9582351,27.6955281],[-17.9582165,27.6955848],[-17.9582182,27.6956183],[-17.9582735,27.6956732],[-17.9582994,27.6957431],[-17.9584096,27.6957934],[-17.9584326,27.6958609],[-17.9585092,27.6958745],[-17.9585521,27.6959025],[-17.9586654,27.6960607],[-17.9587331,27.6962559],[-17.9587166,27.6964272],[-17.9585347,27.696502],[-17.9584561,27.6967003],[-17.9584429,27.6968602],[-17.9584606,27.6970829],[-17.9584727,27.6971096],[-17.9584935,27.6971084],[-17.9585217,27.697075],[-17.958575,27.6969859],[-17.9586338,27.6969336],[-17.9586479,27.6969343],[-17.9588074,27.6970026],[-17.9589913,27.6972356],[-17.9589685,27.6974578],[-17.9588047,27.6976923],[-17.958789,27.6977556],[-17.9586863,27.697881],[-17.9586672,27.6979548],[-17.9586709,27.6980329],[-17.9587329,27.6979871],[-17.9588097,27.697971],[-17.9588362,27.6979011],[-17.9588647,27.6978712],[-17.9589498,27.6978348],[-17.9590051,27.6976928],[-17.9591319,27.6976848],[-17.9593084,27.6977791],[-17.9594409,27.6978821],[-17.9595669,27.6980065],[-17.9595759,27.6982531],[-17.9594158,27.6990612],[-17.9595821,27.6991164],[-17.9595968,27.6992981],[-17.9595257,27.6994536],[-17.9593078,27.6994916],[-17.9593143,27.6996525],[-17.9592837,27.6997505],[-17.959151,27.6999596],[-17.9591392,27.7000826],[-17.959145,27.7001436],[-17.9591901,27.7001592],[-17.9594319,27.7001057],[-17.9594949,27.700234],[-17.9595414,27.700456],[-17.9595863,27.7008042],[-17.9595757,27.70121],[-17.9595345,27.7015372],[-17.959504,27.7016347],[-17.9594921,27.7017047],[-17.9594903,27.7017699],[-17.9594475,27.7018531],[-17.9594351,27.7020238],[-17.9593962,27.7020921],[-17.9593509,27.702232],[-17.9593548,27.7024104],[-17.9593816,27.7025023],[-17.9594018,27.7026248],[-17.959469,27.7028411],[-17.9595365,27.7031967],[-17.9595768,27.703573],[-17.9595954,27.7040038],[-17.9595904,27.7041112],[-17.9595524,27.7041989],[-17.9594961,27.7042889],[-17.9595125,27.7043621],[-17.9595039,27.7045139],[-17.9593862,27.7050992],[-17.9593383,27.7054671],[-17.9592415,27.7057799],[-17.9591723,27.705956],[-17.9591173,27.7061223],[-17.9590704,27.706362],[-17.9590045,27.7065939],[-17.9588732,27.7069616],[-17.958552,27.7074456],[-17.95834,27.7076608],[-17.9582477,27.7078109],[-17.9581084,27.7080351],[-17.9579307,27.708257],[-17.9577451,27.7085173],[-17.9576809,27.7086362],[-17.9576235,27.7087107],[-17.9574381,27.709155],[-17.9574138,27.7094656],[-17.9573489,27.7097777],[-17.9573103,27.7100919],[-17.9573177,27.7102251],[-17.957475,27.710622],[-17.9578992,27.7112353],[-17.957995,27.7115236],[-17.9581011,27.7119181],[-17.9581836,27.7125031],[-17.9581836,27.7130514],[-17.9581678,27.7132883],[-17.9581321,27.7135037],[-17.9581368,27.713655],[-17.9581108,27.7139638],[-17.9581628,27.7143219],[-17.9581851,27.7148278],[-17.9582151,27.7150126],[-17.95823,27.7153863],[-17.9582277,27.7158418],[-17.9582166,27.7160341],[-17.9581793,27.7161513],[-17.9581824,27.7162494],[-17.958148,27.7164605],[-17.9581465,27.7165998],[-17.9581218,27.7166864],[-17.9580903,27.7167102],[-17.9580253,27.7167707],[-17.9580609,27.7168874],[-17.9580563,27.7170818],[-17.9580115,27.7171499],[-17.9580001,27.7172885],[-17.9579581,27.7173907],[-17.957911,27.7176014],[-17.9578572,27.7177667],[-17.9576927,27.718399],[-17.9576001,27.718637],[-17.9572724,27.719364],[-17.9570352,27.7197878],[-17.9567474,27.7202442],[-17.9565139,27.7205067],[-17.9563624,27.7207001],[-17.9561984,27.7208269],[-17.9558556,27.7211779],[-17.9553756,27.7215442],[-17.955144,27.721796],[-17.9549647,27.7220918],[-17.9547686,27.7223792],[-17.9542658,27.7229008],[-17.9540564,27.7230948],[-17.9537055,27.7235138],[-17.9533708,27.7239408],[-17.9528042,27.7249835],[-17.9527471,27.7250821],[-17.9526574,27.7252563],[-17.9525242,27.7254576],[-17.9523476,27.7256053],[-17.9522491,27.7256892],[-17.951774,27.7260173],[-17.951179,27.7262078],[-17.9510106,27.7263025],[-17.950854,27.7264396],[-17.9507447,27.7265242],[-17.9504962,27.726836],[-17.950461,27.7268981],[-17.9504214,27.7270274],[-17.9503451,27.7271672],[-17.9502532,27.7272879],[-17.9500669,27.7276108],[-17.9497757,27.7280521],[-17.949655,27.7281938],[-17.9494739,27.7283587],[-17.9494083,27.7284353],[-17.9491486,27.7286281],[-17.9488488,27.7287538],[-17.9486763,27.7288255],[-17.9484427,27.728872],[-17.9483273,27.7288836],[-17.9482433,27.7288836],[-17.9470153,27.7288859],[-17.9469025,27.7289091],[-17.946766,27.7289068],[-17.9466453,27.7289254],[-17.9465462,27.728932],[-17.9464801,27.7289516],[-17.9464252,27.7289601],[-17.946177,27.7289692],[-17.9459446,27.7290035],[-17.9458419,27.7290321],[-17.9455895,27.7291369],[-17.9454164,27.7292408],[-17.9451077,27.7295078],[-17.9448244,27.7297062],[-17.944666,27.7297934],[-17.9444738,27.7299415],[-17.9441621,27.7301422],[-17.9439422,27.7302477],[-17.9433847,27.7304305],[-17.9431018,27.7304908],[-17.9429103,27.7305096],[-17.9427527,27.7305392],[-17.9424632,27.7305578],[-17.9423627,27.7305419],[-17.9422651,27.7305027],[-17.942155,27.730441],[-17.9420015,27.7303545],[-17.9418366,27.7303043],[-17.9417466,27.7302389],[-17.9416885,27.7301565],[-17.9417043,27.7300557],[-17.9416788,27.7298891],[-17.9416071,27.7298189],[-17.9415678,27.7298533],[-17.9415804,27.7299405],[-17.9415141,27.7299891],[-17.9414535,27.7299808],[-17.9409179,27.7297381],[-17.9406897,27.7296486],[-17.940433,27.729523],[-17.9402759,27.7293899],[-17.940198,27.729302],[-17.9401085,27.7291711],[-17.9400805,27.7291005],[-17.9400595,27.7289654],[-17.9399982,27.728855],[-17.9399957,27.7288228],[-17.940011,27.7287896],[-17.9401573,27.7286938],[-17.9402187,27.7286232],[-17.9402134,27.728595],[-17.9399708,27.7285023],[-17.9399563,27.7284833],[-17.9400805,27.7284573],[-17.940114,27.7284352],[-17.9401249,27.7283914],[-17.9401098,27.7283614],[-17.9400787,27.7283516],[-17.9399605,27.7283694],[-17.9398751,27.7283066],[-17.939799,27.7282764],[-17.9397624,27.728289],[-17.939737,27.7283124],[-17.9397199,27.7283774],[-17.9396187,27.7284951],[-17.9395708,27.7285368],[-17.939477,27.7285714],[-17.9393151,27.7285833],[-17.9388975,27.7285676],[-17.9386552,27.7285822],[-17.9384652,27.7285742],[-17.9382942,27.7285319],[-17.9380331,27.728368],[-17.9377308,27.7282249],[-17.9376057,27.7282016],[-17.937463,27.7281327],[-17.9373394,27.7281332],[-17.9373014,27.7281239],[-17.937234,27.7280741],[-17.9372105,27.7280253],[-17.9372527,27.7278538],[-17.9372472,27.7277702],[-17.9372264,27.7277298],[-17.9371954,27.7277144],[-17.9371708,27.727722],[-17.9371392,27.7278148],[-17.9371023,27.7278787],[-17.9370505,27.7279151],[-17.9368073,27.7279415],[-17.9367683,27.7279546],[-17.9366161,27.7280626],[-17.9364244,27.7281351],[-17.9362692,27.7281675],[-17.9360837,27.7282332],[-17.9359408,27.7283205],[-17.935895,27.7283652],[-17.9358727,27.7284187],[-17.9358792,27.7284998],[-17.9359355,27.7285854],[-17.9359412,27.7286171],[-17.935918,27.7286497],[-17.9358801,27.7286564],[-17.935721,27.7286537],[-17.9355949,27.7286254],[-17.9350301,27.7285734],[-17.934333,27.7284689],[-17.9340567,27.7284497],[-17.9339355,27.7284551],[-17.9338378,27.7284779],[-17.9334359,27.7284518],[-17.9330395,27.7284612],[-17.9329041,27.7284712],[-17.9324839,27.7285365],[-17.9324193,27.728591],[-17.9323106,27.7286181],[-17.9322525,27.7286027],[-17.9322113,27.7286024],[-17.9321616,27.7285682],[-17.9320851,27.728505],[-17.9319051,27.7285086],[-17.9318263,27.7285349],[-17.931682,27.7285314],[-17.9316447,27.7285545],[-17.9316159,27.7286384],[-17.9316212,27.7287342],[-17.9316664,27.7287982],[-17.9316712,27.7288268],[-17.9316397,27.7288847],[-17.9316055,27.7289078],[-17.9314757,27.7289485],[-17.9313458,27.7290232],[-17.9312779,27.7290198],[-17.931186,27.728972],[-17.9311385,27.7289819],[-17.9310727,27.7290617],[-17.9310117,27.7290663],[-17.9310006,27.7290914],[-17.9310201,27.729148],[-17.9310007,27.7291679],[-17.9309184,27.7291953],[-17.9308483,27.7292043],[-17.930819,27.7291975],[-17.9307119,27.7291266],[-17.930635,27.7291297],[-17.9306037,27.7291527],[-17.9305914,27.7291806],[-17.9305975,27.7292162],[-17.9306409,27.7292568],[-17.9306262,27.7293296],[-17.9306442,27.7294169],[-17.9306057,27.7294488],[-17.9301952,27.7295911],[-17.9298837,27.7297576],[-17.9298323,27.7298381],[-17.9298041,27.7299176],[-17.929778,27.7299403],[-17.9296278,27.7299488],[-17.9295776,27.729988],[-17.9295502,27.7300425],[-17.9295569,27.7301627],[-17.9295452,27.7301897],[-17.9295196,27.7302091],[-17.9293147,27.7302662],[-17.9292361,27.7303063],[-17.9292145,27.7303315],[-17.9292138,27.7303597],[-17.9291565,27.7304785],[-17.9291141,27.7305302],[-17.929083,27.7305489],[-17.9290421,27.7305548],[-17.9288844,27.7305485],[-17.9288474,27.730563],[-17.9288266,27.7305904],[-17.9288216,27.7307397],[-17.9288106,27.7307735],[-17.9287595,27.7308257],[-17.9287322,27.7308845],[-17.9287358,27.7309483],[-17.9287757,27.7310447],[-17.9287749,27.7310835],[-17.9287596,27.7311086],[-17.9284804,27.731305],[-17.9283582,27.7314683],[-17.9283376,27.7314721],[-17.9282946,27.731452],[-17.9282668,27.7314616],[-17.9282485,27.7314858],[-17.9282426,27.731513],[-17.9282653,27.7316239],[-17.9282979,27.7316789],[-17.9283604,27.7317292],[-17.9283816,27.7317637],[-17.9283808,27.7318068],[-17.9283532,27.7318338],[-17.928317,27.7318466],[-17.9281239,27.7318656],[-17.9275034,27.7318792],[-17.9274075,27.7319043],[-17.9273768,27.7319308],[-17.9273645,27.7319931],[-17.9273949,27.732139],[-17.9274587,27.732209],[-17.927466,27.7322447],[-17.9274482,27.7322735],[-17.9271623,27.73237],[-17.9270465,27.7324248],[-17.9269762,27.7324877],[-17.9269655,27.7325194],[-17.9270313,27.7326327],[-17.9270661,27.7328077],[-17.9270484,27.7328852],[-17.9269416,27.7330526],[-17.926932,27.7330879],[-17.9269535,27.7331966],[-17.9268951,27.7333489],[-17.9268856,27.7335278],[-17.9269372,27.7336663],[-17.9269303,27.7337016],[-17.9268611,27.7338135],[-17.9268652,27.7338372],[-17.926923,27.7338742],[-17.9269333,27.7338959],[-17.9269213,27.7339226],[-17.9268152,27.7340311],[-17.9267352,27.7341601],[-17.9267398,27.7341934],[-17.9268417,27.7342502],[-17.9268467,27.7342874],[-17.926808,27.7343383],[-17.9267844,27.7343501],[-17.9267169,27.7343541],[-17.9266914,27.7343746],[-17.9266811,27.7344117],[-17.9266912,27.7345755],[-17.926664,27.7346143],[-17.9266583,27.7346692],[-17.9266286,27.7346801],[-17.9265116,27.7346597],[-17.9264751,27.7346742],[-17.9264609,27.7348037],[-17.9263681,27.7349099],[-17.9263189,27.7350436],[-17.9262774,27.7350616],[-17.926077,27.7350543],[-17.9257228,27.7350865],[-17.9255206,27.7351447],[-17.9254318,27.735154],[-17.9252124,27.7351375],[-17.9251613,27.7351489],[-17.9251248,27.7351747],[-17.9251032,27.7352073],[-17.9251058,27.7352846],[-17.9251296,27.7353157],[-17.9251824,27.735338],[-17.9252797,27.735348],[-17.9253723,27.7353355],[-17.9254203,27.735341],[-17.9257099,27.7354401],[-17.9258715,27.7354428],[-17.92609,27.7354784],[-17.9261275,27.735504],[-17.9261739,27.7356172],[-17.9262189,27.7356517],[-17.9264364,27.7356753],[-17.9265312,27.7357148],[-17.9266671,27.7358226],[-17.9267819,27.7359857],[-17.9268362,27.7362091],[-17.9268323,27.7362684],[-17.92672,27.7363346],[-17.9266369,27.7364025],[-17.9265166,27.7366014],[-17.9263616,27.7367535],[-17.9261172,27.73686],[-17.9259267,27.7368955],[-17.9258953,27.7369162],[-17.9258644,27.7369844],[-17.9258766,27.7370132],[-17.9259161,27.7370382],[-17.9259903,27.7370496],[-17.926171,27.7370345],[-17.9264322,27.7369676],[-17.926534,27.7369592],[-17.9266315,27.7369664],[-17.9266726,27.7369801],[-17.9267374,27.7370255],[-17.9267922,27.7371093],[-17.9268041,27.7371913],[-17.9267865,27.7374041],[-17.9267363,27.7375688],[-17.9267091,27.7377144],[-17.9266196,27.7379105],[-17.926604,27.7379398],[-17.926574,27.7379617],[-17.9264857,27.7379922],[-17.9263608,27.7380561],[-17.9263093,27.7381003],[-17.9262597,27.738175],[-17.9262547,27.7382119],[-17.9262584,27.7382481],[-17.9263206,27.7383098],[-17.9263417,27.7383623],[-17.9264109,27.7384513],[-17.9264162,27.7384897],[-17.9263934,27.7385791],[-17.9263491,27.7386386],[-17.9261067,27.738756],[-17.9260577,27.7388529],[-17.9259919,27.7389081],[-17.9259758,27.7389459],[-17.9259795,27.7390414],[-17.9259573,27.7390922],[-17.9259121,27.7391292],[-17.9258638,27.7391347],[-17.9258263,27.7391777],[-17.9258289,27.7392926],[-17.9257938,27.7393784],[-17.9257956,27.7394542],[-17.9257824,27.739467],[-17.9257032,27.739477],[-17.925672,27.7395047],[-17.9255952,27.7396376],[-17.9255835,27.7396805],[-17.9255852,27.7397569],[-17.9256029,27.7397886],[-17.9256348,27.7398011],[-17.9257606,27.7398124],[-17.9257778,27.7398313],[-17.9256696,27.7399044],[-17.9256554,27.7399363],[-17.9256303,27.7400502],[-17.9256349,27.7402294],[-17.9256152,27.7402617],[-17.9255812,27.7402837],[-17.925486,27.7403167],[-17.925453,27.7403419],[-17.9254246,27.7404169],[-17.9254517,27.7406012],[-17.9254721,27.740633],[-17.9255361,27.7406635],[-17.9255866,27.7407737],[-17.9255899,27.7408052],[-17.9255393,27.740911],[-17.925543,27.7409474],[-17.9255664,27.7409659],[-17.9256655,27.7409718],[-17.9257053,27.7409962],[-17.9257675,27.7410639],[-17.925804,27.7411579],[-17.9258242,27.7413451],[-17.9258172,27.7413889],[-17.9258004,27.7414226],[-17.9257093,27.7415227],[-17.9257033,27.7415576],[-17.9257863,27.7417067],[-17.9258075,27.7419311],[-17.9257858,27.7421273],[-17.925757,27.7422106],[-17.9257356,27.742238],[-17.9256264,27.7422632],[-17.9256035,27.742313],[-17.9255185,27.7424091],[-17.9253695,27.7424779],[-17.9253201,27.7425169],[-17.9253017,27.7425506],[-17.9253045,27.7425777],[-17.9254213,27.742636],[-17.9254402,27.7426689],[-17.9253363,27.7429989],[-17.925299,27.7432412],[-17.925254,27.7433784],[-17.9252047,27.7434478],[-17.9250317,27.7435474],[-17.9250259,27.7435824],[-17.9250943,27.7437125],[-17.9251009,27.743748],[-17.9250869,27.743773],[-17.9249789,27.7438092],[-17.924905,27.7438777],[-17.9248251,27.7438736],[-17.924795,27.743896],[-17.9246809,27.7441528],[-17.9245396,27.7443369],[-17.9244123,27.7444],[-17.9242242,27.744572],[-17.9241869,27.7446467],[-17.9242251,27.7447146],[-17.9242974,27.7447618],[-17.9243615,27.7447852],[-17.9244197,27.7448399],[-17.924467,27.7449351],[-17.9244747,27.7449943],[-17.9244653,27.7450275],[-17.9244464,27.7450465],[-17.9243591,27.7450555],[-17.9243416,27.7450734],[-17.9243395,27.7450961],[-17.9243709,27.7451484],[-17.9243415,27.7451602],[-17.9242515,27.7451486],[-17.9241604,27.7451528],[-17.9240731,27.7452051],[-17.9239643,27.7452185],[-17.9239283,27.7452396],[-17.923895,27.7452931],[-17.9239013,27.7453163],[-17.9239267,27.7453386],[-17.9240149,27.7453957],[-17.9240202,27.7454194],[-17.9239469,27.7455046],[-17.9239122,27.7456024],[-17.9238562,27.7456947],[-17.9238694,27.745846],[-17.9237957,27.7459829],[-17.9238491,27.7461182],[-17.9238067,27.7461997],[-17.9237508,27.7462521],[-17.9237541,27.7463064],[-17.923786,27.7463248],[-17.9238066,27.7463585],[-17.9237565,27.7464763],[-17.9237563,27.7465137],[-17.9237726,27.7465444],[-17.9238083,27.7465631],[-17.9239149,27.7465859],[-17.9239371,27.746609],[-17.9239474,27.7466606],[-17.9239733,27.7466749],[-17.9240092,27.7466758],[-17.9240846,27.746653],[-17.9241153,27.7466642],[-17.924137,27.7467318],[-17.9241161,27.7468099],[-17.9240629,27.7468965],[-17.9238622,27.747103],[-17.9237734,27.7471465],[-17.9237008,27.7472347],[-17.923627,27.7473014],[-17.923521,27.7473299],[-17.9235156,27.7473521],[-17.9235691,27.7474604],[-17.9235653,27.7475252],[-17.9234747,27.7475796],[-17.9234271,27.7475897],[-17.9233333,27.7475684],[-17.9232835,27.747569],[-17.9232415,27.7475816],[-17.9232067,27.7476081],[-17.9231489,27.747713],[-17.9231306,27.7479698],[-17.9230721,27.7480745],[-17.9230261,27.7481104],[-17.9229649,27.7481301],[-17.9228987,27.7481265],[-17.9227364,27.7480477],[-17.922687,27.7480625],[-17.9226034,27.7481163],[-17.9225365,27.7481267],[-17.9224981,27.7481489],[-17.9225079,27.7481759],[-17.9224852,27.7482183],[-17.9225247,27.748293],[-17.9225509,27.7484012],[-17.9226433,27.7486039],[-17.9227435,27.7486761],[-17.922832,27.7487712],[-17.922833,27.7488007],[-17.9227943,27.7489105],[-17.9226903,27.7490838],[-17.9226471,27.7491229],[-17.9225354,27.7491807],[-17.9224058,27.7492281],[-17.9223252,27.7492452],[-17.9222106,27.7492407],[-17.9221049,27.7492157],[-17.9219982,27.749215],[-17.9218893,27.749267],[-17.9218424,27.7493493],[-17.9218369,27.7493999],[-17.9218487,27.7494491],[-17.9218996,27.7495184],[-17.9218978,27.7495441],[-17.9218691,27.7495587],[-17.9218336,27.7495462],[-17.9218028,27.7495505],[-17.9217415,27.7495781],[-17.9215403,27.7495579],[-17.9214943,27.74957],[-17.921457,27.7496026],[-17.9214627,27.7496323],[-17.921499,27.7496568],[-17.9215436,27.7496719],[-17.921629,27.7496789],[-17.9216571,27.7496923],[-17.9216742,27.749717],[-17.921641,27.7498476],[-17.9215525,27.7499755],[-17.9213233,27.7502144],[-17.9212574,27.7503263],[-17.9210847,27.7506972],[-17.9209481,27.7508864],[-17.9208148,27.7509772],[-17.9207031,27.7510026],[-17.9206846,27.7510215],[-17.9207149,27.751085],[-17.9206991,27.7511379],[-17.9206598,27.7511849],[-17.9205968,27.75122],[-17.9205808,27.7512645],[-17.9204852,27.7513055],[-17.9204072,27.7514161],[-17.9203766,27.7514294],[-17.9203387,27.7514279],[-17.9202483,27.7514],[-17.9202049,27.7513976],[-17.9201785,27.7514136],[-17.9201896,27.7514453],[-17.920245,27.751492],[-17.9202487,27.7515143],[-17.9202042,27.7515617],[-17.9201733,27.7515611],[-17.9200778,27.7514934],[-17.9200218,27.7514779],[-17.9199804,27.751479],[-17.9199534,27.7514972],[-17.9199691,27.7515298],[-17.920025,27.7515766],[-17.9200261,27.7515993],[-17.9200082,27.7516159],[-17.919964,27.7516295],[-17.9200112,27.7517335],[-17.9199989,27.7517929],[-17.919797,27.7519869],[-17.9197636,27.7519932],[-17.91967,27.7519699],[-17.9196252,27.7519762],[-17.9195469,27.7520446],[-17.9194939,27.7520633],[-17.9194904,27.752073],[-17.9195118,27.7520903],[-17.9195486,27.752103],[-17.9197196,27.7521161],[-17.919754,27.7521308],[-17.9198152,27.7522626],[-17.9198119,27.7522928],[-17.9197103,27.7525015],[-17.9197077,27.7525951],[-17.9197397,27.7527909],[-17.9197376,27.7528661],[-17.9197043,27.7529819],[-17.919622,27.7531443],[-17.9195251,27.7532808],[-17.9195247,27.7533563],[-17.9195062,27.7534326],[-17.9195178,27.7535755],[-17.9194707,27.7537862],[-17.9192125,27.7543841],[-17.9191588,27.75455],[-17.9189921,27.7547946],[-17.9188051,27.7550041],[-17.9186355,27.7552381],[-17.9185501,27.7553072],[-17.9184521,27.7553679],[-17.9181946,27.7554312],[-17.918058,27.7554331],[-17.9180126,27.7554645],[-17.9179509,27.7554714],[-17.9179199,27.7554843],[-17.9177807,27.7556231],[-17.9176847,27.7556671],[-17.9176735,27.7557098],[-17.9176975,27.7558858],[-17.9176254,27.7560627],[-17.9176035,27.756096],[-17.9175535,27.7561317],[-17.9175877,27.7562633],[-17.9175589,27.7563765],[-17.9173689,27.7563624],[-17.9173493,27.7563771],[-17.9173304,27.7564285],[-17.9172921,27.7564417],[-17.9172858,27.7564547],[-17.9173051,27.7564899],[-17.9173088,27.7565311],[-17.9171857,27.7565902],[-17.9171218,27.7565556],[-17.9170958,27.7565559],[-17.9170165,27.7566636],[-17.9169308,27.7567256],[-17.9169125,27.7567544],[-17.9169282,27.7568086],[-17.917019,27.7568679],[-17.9170265,27.7568872],[-17.9170037,27.7569129],[-17.9168613,27.7568764],[-17.9167315,27.7568757],[-17.9167122,27.7568895],[-17.9167111,27.756916],[-17.9167624,27.7570137],[-17.9167784,27.7571873],[-17.9168009,27.7572101],[-17.9169109,27.7572335],[-17.9169345,27.757249],[-17.9169394,27.7572713],[-17.9169292,27.7572947],[-17.9168467,27.7573427],[-17.9168358,27.7573603],[-17.9167799,27.7575228],[-17.9167699,27.7576305],[-17.9167469,27.7576635],[-17.9166372,27.7577495],[-17.9165758,27.7578231],[-17.9165464,27.7578272],[-17.9165248,27.7578162],[-17.9164893,27.7577483],[-17.9164685,27.7577419],[-17.9163734,27.7579584],[-17.9163235,27.7579993],[-17.9162557,27.7580061],[-17.9162154,27.7580337],[-17.9161009,27.7580417],[-17.9160826,27.7580777],[-17.9160831,27.7581171],[-17.9161491,27.758256],[-17.916117,27.7583451],[-17.9160707,27.7583827],[-17.915923,27.7583989],[-17.9158573,27.7584393],[-17.915856,27.7584594],[-17.91588,27.7584981],[-17.9158832,27.7585579],[-17.9159252,27.7586224],[-17.9158936,27.7587247],[-17.915901,27.7588077],[-17.9158824,27.7588345],[-17.9158378,27.7588651],[-17.9157888,27.7588615],[-17.9157602,27.7588935],[-17.9156724,27.7588867],[-17.9156508,27.7589006],[-17.9155004,27.7590524],[-17.9154709,27.7591819],[-17.9154509,27.7592038],[-17.9152574,27.7593064],[-17.9151271,27.7594243],[-17.9148579,27.7596118],[-17.9148442,27.7596414],[-17.914871,27.7596844],[-17.9148667,27.7596977],[-17.9148041,27.7597218],[-17.9147858,27.7597557],[-17.91481,27.7598986],[-17.9148535,27.7599623],[-17.9148779,27.759983],[-17.9149433,27.7600035],[-17.9149763,27.7600319],[-17.9149793,27.7600509],[-17.9149,27.7600937],[-17.9148832,27.7601702],[-17.9148403,27.7601835],[-17.914783,27.7602347],[-17.914777,27.760256],[-17.9147794,27.7602723],[-17.9148595,27.760275],[-17.9148918,27.7602884],[-17.9149144,27.7603137],[-17.9149232,27.7603422],[-17.9149147,27.7603605],[-17.9146953,27.7603968],[-17.9146755,27.7604258],[-17.9146754,27.7604501],[-17.9147302,27.7604879],[-17.9146391,27.7605175],[-17.9145977,27.7605391],[-17.9145848,27.7605617],[-17.9145857,27.760587],[-17.9146669,27.7606911],[-17.9146481,27.7607121],[-17.914515,27.7606426],[-17.9143819,27.7606411],[-17.9143225,27.7606742],[-17.9143344,27.7607862],[-17.9144251,27.7609405],[-17.9142855,27.7609808],[-17.9141191,27.7610483],[-17.9140525,27.7610325],[-17.9139919,27.7609901],[-17.9139518,27.7609787],[-17.9139166,27.7609787],[-17.9138899,27.7609935],[-17.9138733,27.7610406],[-17.9140061,27.7611708],[-17.9140026,27.7611929],[-17.9138738,27.761251],[-17.9138708,27.7612706],[-17.9138997,27.7613091],[-17.9139027,27.7613334],[-17.913817,27.7614217],[-17.9138164,27.7614412],[-17.9138342,27.7614585],[-17.9139247,27.7614765],[-17.9139366,27.7614914],[-17.9139015,27.7615276],[-17.9138119,27.7615434],[-17.9138003,27.761565],[-17.9138101,27.761586],[-17.913881,27.7616286],[-17.9138856,27.7616607],[-17.9138619,27.7616967],[-17.9138392,27.7617034],[-17.9136212,27.7617113],[-17.9135857,27.7617368],[-17.9135873,27.7618145],[-17.9137152,27.7621281],[-17.9136788,27.7621231],[-17.9136417,27.7620724],[-17.9135525,27.7619948],[-17.9134853,27.7619623],[-17.9133265,27.7619313],[-17.9132991,27.7619369],[-17.9132636,27.762023],[-17.913192,27.7620623],[-17.9129274,27.762137],[-17.9128929,27.7620968],[-17.91287,27.7620942],[-17.9127532,27.762133],[-17.9127211,27.7621558],[-17.91271,27.7621996],[-17.9127122,27.7622988],[-17.9126762,27.7623119],[-17.9126517,27.7623531],[-17.9126211,27.762358],[-17.9125735,27.762332],[-17.9125542,27.7623294],[-17.9125464,27.7623389],[-17.9125685,27.7624464],[-17.9126192,27.7625351],[-17.9127899,27.762665],[-17.9129531,27.7627465],[-17.9129692,27.7627796],[-17.9129569,27.7628002],[-17.9129065,27.7628209],[-17.9128395,27.7628258],[-17.9128066,27.7628153],[-17.9126833,27.762847],[-17.9126132,27.7628529],[-17.9125784,27.7628691],[-17.9125437,27.7629103],[-17.9125298,27.7629464],[-17.9125255,27.7630506],[-17.91244,27.763146],[-17.9124346,27.7631794],[-17.9124446,27.7632076],[-17.9124724,27.7632187],[-17.9125428,27.763221],[-17.9125548,27.763235],[-17.9125751,27.7633671],[-17.9125478,27.7633992],[-17.9125452,27.7634204],[-17.912583,27.7634589],[-17.9125711,27.7634824],[-17.9125493,27.7635],[-17.9124892,27.7635099],[-17.9123656,27.7634567],[-17.9123164,27.7634511],[-17.9123107,27.7635723],[-17.9122454,27.7635966],[-17.9122404,27.7636767],[-17.912203,27.7636867],[-17.9121537,27.7636079],[-17.9121075,27.7636185],[-17.9120715,27.7637701],[-17.9119337,27.7637629],[-17.91192,27.7637558],[-17.9119171,27.7637127],[-17.9118902,27.7636881],[-17.9118268,27.7636704],[-17.9117898,27.7636786],[-17.911746,27.7637251],[-17.9117422,27.7637516],[-17.9118595,27.7638817],[-17.9120227,27.7640281],[-17.9120206,27.7640396],[-17.9119842,27.7640363],[-17.9118791,27.7639897],[-17.9118148,27.76394],[-17.9117756,27.7639298],[-17.9117435,27.7639551],[-17.9117004,27.7641159],[-17.9116027,27.764181],[-17.911574,27.7641809],[-17.9115335,27.7641618],[-17.9115116,27.7641726],[-17.9114632,27.7642559],[-17.9114459,27.7642543],[-17.91142,27.7641941],[-17.9114058,27.7640764],[-17.9113484,27.7640253],[-17.9113037,27.7640204],[-17.911233,27.7640445],[-17.911167,27.7640401],[-17.9110552,27.7641041],[-17.9110199,27.7640969],[-17.9109342,27.7640496],[-17.9109005,27.7640607],[-17.9108342,27.7641799],[-17.9108306,27.7642779],[-17.9108442,27.7643173],[-17.9109099,27.7644094],[-17.9109721,27.7646562],[-17.9109742,27.7646889],[-17.9109466,27.7647157],[-17.9106502,27.7647155],[-17.9105788,27.7646922],[-17.9105088,27.7646156],[-17.9104568,27.7644508],[-17.9103706,27.7643633],[-17.9102412,27.7643052],[-17.9102018,27.7643091],[-17.910176,27.7643556],[-17.9101841,27.7645198],[-17.9101604,27.7645603],[-17.9101058,27.7645932],[-17.9101036,27.7645321],[-17.9100749,27.7644886],[-17.9099885,27.764483],[-17.9099556,27.7645159],[-17.9099332,27.7645927],[-17.9098504,27.7646989],[-17.9098501,27.7647305],[-17.9099344,27.7648384],[-17.9101056,27.764952],[-17.9102287,27.7650841],[-17.910239,27.7651244],[-17.9102342,27.7651892],[-17.9101575,27.7651658],[-17.9100948,27.7651667],[-17.9100185,27.7651911],[-17.9099228,27.7652532],[-17.9098891,27.7652601],[-17.9097951,27.7652424],[-17.9096474,27.7652424],[-17.9096188,27.7652736],[-17.9096202,27.765319],[-17.9096475,27.7653781],[-17.9096405,27.7654074],[-17.9095721,27.7654345],[-17.909552,27.7654535],[-17.9095563,27.7654755],[-17.909608,27.7655216],[-17.9098659,27.7656492],[-17.9098713,27.7656652],[-17.9097088,27.7656717],[-17.9096852,27.7657148],[-17.9096928,27.765738],[-17.9097194,27.7657543],[-17.9098238,27.7657727],[-17.9099169,27.7658098],[-17.9099624,27.7658146],[-17.9099612,27.7658348],[-17.9098865,27.7659429],[-17.9098813,27.7659625],[-17.9099023,27.7659811],[-17.9099783,27.765972],[-17.9100902,27.7659206],[-17.9101818,27.7657729],[-17.9102132,27.7656307],[-17.9102944,27.7655749],[-17.9103826,27.7655623],[-17.9104236,27.7655706],[-17.9105651,27.7656467],[-17.9106146,27.7657031],[-17.9106261,27.7657994],[-17.9105635,27.7658983],[-17.9105377,27.7659073],[-17.9104102,27.7659044],[-17.9103813,27.7658548],[-17.9103276,27.765849],[-17.910295,27.7658631],[-17.9102723,27.7658932],[-17.910244,27.7659648],[-17.9102993,27.7660221],[-17.9103177,27.7660912],[-17.9105557,27.7660939],[-17.9106026,27.7661049],[-17.9106541,27.7661488],[-17.9105918,27.7662214],[-17.9103993,27.7662762],[-17.910376,27.766293],[-17.9103489,27.766402],[-17.9103523,27.766435],[-17.9103999,27.766456],[-17.9105907,27.7664528],[-17.9105969,27.7664731],[-17.9105503,27.7665422],[-17.9105361,27.7665953],[-17.9105496,27.766616],[-17.910696,27.7667103],[-17.9106971,27.7667332],[-17.9106369,27.7667977],[-17.9106329,27.7668291],[-17.9108182,27.7669253],[-17.9108364,27.7669468],[-17.91081,27.7669779],[-17.9107716,27.7669912],[-17.910516,27.7669981],[-17.9104216,27.7670575],[-17.9103997,27.7670813],[-17.9104004,27.7671025],[-17.9104541,27.7671103],[-17.9105338,27.7672424],[-17.9107156,27.7672407],[-17.910741,27.7672499],[-17.9107601,27.7673143],[-17.9107803,27.7673348],[-17.9109338,27.7673731],[-17.9109563,27.7673958],[-17.9109466,27.7675114],[-17.9109668,27.7675362],[-17.9110426,27.7675614],[-17.9111406,27.7675649],[-17.9112347,27.7675206],[-17.9112645,27.7673621],[-17.9113032,27.7675948],[-17.9114163,27.7676789],[-17.9115711,27.7676867],[-17.9115748,27.7676978],[-17.9114646,27.7677636],[-17.9114436,27.7678447],[-17.9114891,27.7679093],[-17.9115166,27.7679259],[-17.9115591,27.7679306],[-17.9117351,27.7679237],[-17.9118685,27.7679354],[-17.9119631,27.7680678],[-17.9120003,27.768094],[-17.9120955,27.7681178],[-17.9123495,27.7681369],[-17.912469,27.7681325],[-17.9125213,27.7681446],[-17.912587,27.7681954],[-17.9125735,27.7683372],[-17.9125862,27.7683691],[-17.9126117,27.7683845],[-17.9126489,27.7683461],[-17.9127014,27.7682144],[-17.9127575,27.7682614],[-17.9127851,27.7684347],[-17.9128191,27.7684609],[-17.9128683,27.768473],[-17.9129658,27.768466],[-17.9130368,27.7684146],[-17.9130669,27.7684078],[-17.9131455,27.768443],[-17.9131714,27.7684727],[-17.9131835,27.768624],[-17.9131996,27.7686651],[-17.9132433,27.7687051],[-17.9133383,27.768728],[-17.9134403,27.7687262],[-17.9134865,27.7687127],[-17.9136142,27.768586],[-17.9136329,27.768737],[-17.9136528,27.7687852],[-17.9136879,27.7688144],[-17.9137591,27.7688348],[-17.9137894,27.7688563],[-17.9139488,27.7689954],[-17.914187,27.7693793],[-17.9143198,27.7695053],[-17.9143671,27.7695836],[-17.9144452,27.769715],[-17.9144749,27.7698416],[-17.9144635,27.7700097],[-17.9143852,27.7706013],[-17.914352,27.7706327],[-17.9142105,27.7706838],[-17.9140002,27.7707087],[-17.9138807,27.7707049],[-17.9137493,27.7707894],[-17.913693,27.7708102],[-17.9135579,27.7708431],[-17.9134717,27.7708466],[-17.9133528,27.7708922],[-17.9131836,27.7709029],[-17.9129205,27.770821],[-17.9129217,27.7708897],[-17.9127497,27.771038],[-17.9127317,27.7710812],[-17.9126209,27.7712265],[-17.9125544,27.7712485],[-17.9119292,27.7712714],[-17.9118737,27.7713905],[-17.9118298,27.7713986],[-17.9117818,27.7714241],[-17.911652,27.7714438],[-17.9115984,27.7714818],[-17.9115572,27.7715294],[-17.9114554,27.7715858],[-17.9113905,27.7716443],[-17.9111791,27.7717447],[-17.9111244,27.7718697],[-17.9109909,27.7720563],[-17.9109674,27.772066],[-17.9109502,27.7720937],[-17.9109338,27.7721773],[-17.9109215,27.7721834],[-17.9109026,27.772165],[-17.9108763,27.7721201],[-17.9108261,27.7721154],[-17.9107176,27.7722062],[-17.9106932,27.7722907],[-17.9106905,27.7724083],[-17.9105936,27.7724999],[-17.9104702,27.7725516],[-17.9103639,27.7726242],[-17.9102737,27.7727149],[-17.9100892,27.7727643],[-17.909955,27.7728314],[-17.9097368,27.7730346],[-17.9097218,27.7732503],[-17.9096263,27.7732297],[-17.9096203,27.773242],[-17.9096501,27.7733201],[-17.9095668,27.7734386],[-17.9094643,27.7735081],[-17.9093495,27.7735112],[-17.909324,27.773524],[-17.9093089,27.7735458],[-17.9093007,27.7736441],[-17.9092836,27.7736617],[-17.909209,27.7736748],[-17.9091477,27.7736561],[-17.9091243,27.773664],[-17.9090908,27.7737485],[-17.9089819,27.7738578],[-17.908947,27.7739912],[-17.908853,27.7741091],[-17.9088599,27.774133],[-17.9089304,27.7742122],[-17.9088089,27.7741416],[-17.9087672,27.7741477],[-17.9087622,27.7742137],[-17.9087362,27.7742771],[-17.9086329,27.7743516],[-17.9085785,27.774449],[-17.9084944,27.774518],[-17.908489,27.7745851],[-17.9085192,27.774642],[-17.9085393,27.7747292],[-17.9085492,27.7748463],[-17.9085611,27.7748764],[-17.908619,27.7748989],[-17.9086218,27.774916],[-17.908581,27.7749463],[-17.9085556,27.7749472],[-17.9085308,27.7749186],[-17.9084854,27.7749125],[-17.9084485,27.7749661],[-17.9084034,27.7750806],[-17.9084584,27.7751237],[-17.908459,27.7751408],[-17.9084147,27.7751724],[-17.9083602,27.775178],[-17.9083922,27.7752386],[-17.908534,27.7752421],[-17.9085462,27.7752659],[-17.9085409,27.7753054],[-17.9085156,27.7753355],[-17.9083383,27.7754668],[-17.9083312,27.775485],[-17.9083787,27.7755203],[-17.9083772,27.7755737],[-17.9083207,27.7756731],[-17.9082632,27.7757243],[-17.908203,27.7757302],[-17.9081021,27.7756401],[-17.9080679,27.7756265],[-17.9080301,27.7756269],[-17.9079512,27.7756794],[-17.9079609,27.7757611],[-17.9079938,27.7758178],[-17.9079353,27.7758415],[-17.9078969,27.7759154],[-17.907899,27.7759416],[-17.9079708,27.7760772],[-17.9079678,27.7761237],[-17.9078384,27.7764002],[-17.9077054,27.7767922],[-17.9075531,27.7771529],[-17.9073733,27.7774431],[-17.9072688,27.7776806],[-17.9070742,27.7779688],[-17.9069643,27.7780171],[-17.9069178,27.778052],[-17.9067375,27.778286],[-17.9064561,27.7787013],[-17.9063719,27.7787671],[-17.9062255,27.7788378],[-17.9061119,27.7788755],[-17.9060714,27.7788177],[-17.906012,27.7787808],[-17.9058814,27.7787825],[-17.905858,27.7787971],[-17.9058483,27.7788199],[-17.9058792,27.7789547],[-17.9058745,27.7789789],[-17.9058512,27.7790017],[-17.9056532,27.7791233],[-17.9056207,27.7791291],[-17.9055541,27.7791138],[-17.9054153,27.7790427],[-17.9053833,27.7790416],[-17.9052476,27.7791583],[-17.9052223,27.7791896],[-17.9052074,27.7792505],[-17.9051072,27.7793768],[-17.9050112,27.7794205],[-17.9049434,27.7794334],[-17.9049266,27.7794533],[-17.9049266,27.7794742],[-17.9050499,27.7795207],[-17.9050477,27.7795318],[-17.9049652,27.7795504],[-17.9049085,27.7795813],[-17.9048963,27.7795977],[-17.9049096,27.7796792],[-17.9050673,27.7797407],[-17.9050925,27.7797734],[-17.9050872,27.7797876],[-17.9049942,27.7798014],[-17.9049836,27.7798145],[-17.9050077,27.7799474],[-17.904945,27.7800451],[-17.9049315,27.7800548],[-17.9047937,27.7800707],[-17.9047491,27.7800921],[-17.9047966,27.7801493],[-17.9047559,27.7801836],[-17.9047559,27.7802211],[-17.9047677,27.7802413],[-17.9048231,27.780262],[-17.9048423,27.7802908],[-17.9047837,27.7803056],[-17.9047369,27.7803622],[-17.9047373,27.7803805],[-17.9048497,27.7804025],[-17.9048567,27.7804138],[-17.9047417,27.7804725],[-17.9047269,27.7806699],[-17.9047147,27.7807076],[-17.9046828,27.7807397],[-17.9046527,27.7808578],[-17.9047541,27.7810989],[-17.9047837,27.7811281],[-17.9047846,27.7811577],[-17.9047676,27.7811915],[-17.9048104,27.7812803],[-17.9048145,27.7814036],[-17.9049462,27.7814919],[-17.9049644,27.781524],[-17.9050111,27.781827],[-17.9049098,27.7820146],[-17.9048372,27.7821917],[-17.9047217,27.7825604],[-17.904498,27.7832747],[-17.9043448,27.7836721],[-17.9042236,27.7839972],[-17.9040307,27.7843262],[-17.9038236,27.7845726],[-17.9036757,27.784689],[-17.9035745,27.7847764],[-17.9034342,27.7846006],[-17.9021072,27.7844834],[-17.9020422,27.7845299],[-17.9020153,27.784529],[-17.9020099,27.7845508],[-17.9019165,27.7845353],[-17.9015411,27.7844731],[-17.9015244,27.7844849],[-17.9015109,27.7845759],[-17.9023758,27.7847081],[-17.9023723,27.7847247],[-17.9023648,27.7847603],[-17.9024587,27.7847739],[-17.9024534,27.7847977],[-17.9027525,27.7848358],[-17.9027448,27.7848824],[-17.9025804,27.7848628],[-17.9025693,27.7849232],[-17.9027355,27.7849453],[-17.9027008,27.7851243],[-17.9026478,27.7853977],[-17.9025121,27.7854789],[-17.9023444,27.7854625],[-17.9023042,27.7856704],[-17.902191,27.7857381],[-17.9021643,27.7857541],[-17.9017938,27.7857031],[-17.9017591,27.7858782],[-17.9017456,27.785946],[-17.9016872,27.7859886],[-17.9009002,27.785874],[-17.9012616,27.7841188],[-17.9015913,27.7841683],[-17.9016145,27.7840509],[-17.9010967,27.7839676],[-17.9009663,27.7839466],[-17.9012168,27.7826201],[-17.901101,27.7826055],[-17.900928,27.7825837],[-17.9013155,27.7805956],[-17.9010226,27.7805474],[-17.9009521,27.7809168],[-17.9010494,27.780932],[-17.9006505,27.7830117],[-17.900624,27.7830711],[-17.9004523,27.7841164],[-17.9005049,27.7842612],[-17.9004806,27.7844899],[-17.9003271,27.7850903],[-17.9002122,27.7853417],[-17.8998019,27.7857417],[-17.8997778,27.7857632],[-17.899746,27.7858682],[-17.8997875,27.7859484],[-17.8997957,27.7861206],[-17.8997864,27.7861363],[-17.8997569,27.7861408],[-17.8997162,27.7861666],[-17.899692,27.78624],[-17.8996168,27.7862115],[-17.899576,27.7862285],[-17.8995811,27.7862982],[-17.8996107,27.7863735],[-17.899596,27.786546],[-17.8995852,27.7865776],[-17.8995198,27.7866501],[-17.899516,27.7866697],[-17.8995436,27.7867199],[-17.8997387,27.7868354],[-17.8999059,27.7869798],[-17.8999102,27.7869978],[-17.8998409,27.7870858],[-17.8996574,27.7871915],[-17.8996211,27.7872862],[-17.8995838,27.7873082],[-17.8993714,27.7873588],[-17.8993151,27.7873627],[-17.8992886,27.7873572],[-17.8992516,27.7873176],[-17.8991272,27.7872863],[-17.8990987,27.787266],[-17.8988875,27.7869896],[-17.8987951,27.7868432],[-17.8985716,27.7865645],[-17.8982804,27.7863132],[-17.898207,27.7862182],[-17.8981186,27.7861309],[-17.8980819,27.7861104],[-17.8980398,27.7861077],[-17.8980012,27.7861646],[-17.8979041,27.7862064],[-17.8979189,27.7862852],[-17.8979499,27.7863456],[-17.8979344,27.7863452],[-17.8978508,27.7862401],[-17.897812,27.7862343],[-17.8978059,27.7862522],[-17.8979103,27.7864573],[-17.8978845,27.7865529],[-17.8978996,27.7866636],[-17.8978825,27.7866771],[-17.8976837,27.7867179],[-17.897492,27.7867728],[-17.8972405,27.7867799],[-17.8971583,27.7867979],[-17.8970928,27.7868266],[-17.8970198,27.7868789],[-17.8967845,27.7868999],[-17.896683,27.7869327],[-17.8966495,27.7869788],[-17.8966389,27.78704],[-17.8966035,27.787123],[-17.8964917,27.7871901],[-17.8964807,27.787211],[-17.8964809,27.7872985],[-17.8964159,27.787387],[-17.8963588,27.7874367],[-17.8961878,27.787505],[-17.8962643,27.7876628],[-17.8962689,27.787705],[-17.8962581,27.7877345],[-17.8962266,27.7877408],[-17.8961686,27.7877308],[-17.8960603,27.7876826],[-17.8959511,27.7876069],[-17.8958037,27.7875932],[-17.8957722,27.7876013],[-17.895768,27.7876324],[-17.8958269,27.7877537],[-17.8958064,27.7877554],[-17.8957391,27.7878077],[-17.8957832,27.7878426],[-17.8958079,27.7878808],[-17.8957794,27.7879023],[-17.8956379,27.787934],[-17.8955956,27.7880089],[-17.8955105,27.7880132],[-17.8954506,27.7880407],[-17.8954511,27.788057],[-17.8955581,27.7880758],[-17.8955976,27.7880975],[-17.8954859,27.7880932],[-17.8954546,27.7880966],[-17.8954363,27.7881113],[-17.8954315,27.7881309],[-17.8954461,27.7881631],[-17.8955235,27.78826],[-17.895571,27.7882859],[-17.8957568,27.7883124],[-17.8959903,27.788317],[-17.8962352,27.7882692],[-17.8963979,27.7882976],[-17.8965686,27.7883474],[-17.8966647,27.7883981],[-17.8967077,27.7884338],[-17.8967395,27.7884892],[-17.8967492,27.7885471],[-17.8967379,27.7885685],[-17.8965115,27.7886336],[-17.8964197,27.7888108],[-17.8963894,27.7888162],[-17.8963278,27.7887838],[-17.8961823,27.7887811],[-17.8961441,27.7887893],[-17.8960595,27.7888575],[-17.8960498,27.7889417],[-17.895986,27.788981],[-17.8959777,27.7890029],[-17.8960169,27.7890474],[-17.8961127,27.7890999],[-17.8961212,27.7891218],[-17.896062,27.7892042],[-17.8960034,27.789227],[-17.8959896,27.7892476],[-17.8960717,27.7893049],[-17.8959741,27.7893256],[-17.8957864,27.7893271],[-17.8957749,27.7893436],[-17.8957721,27.7894012],[-17.8957969,27.7894426],[-17.8957863,27.7894652],[-17.8956518,27.789522],[-17.8956386,27.7895469],[-17.8956525,27.7895829],[-17.8956854,27.7896095],[-17.8958021,27.7896376],[-17.8957653,27.7897195],[-17.8956989,27.7897915],[-17.8956542,27.7898751],[-17.8956295,27.7898795],[-17.8955574,27.7898534],[-17.8954535,27.7898473],[-17.8953666,27.7897869],[-17.8953276,27.7897861],[-17.8952961,27.7898034],[-17.8952797,27.789829],[-17.8952768,27.7898973],[-17.8951734,27.7900099],[-17.8951505,27.7900751],[-17.8951933,27.7901076],[-17.8952219,27.7901768],[-17.895296,27.790207],[-17.8954063,27.7902123],[-17.8954319,27.7902275],[-17.8954366,27.7902535],[-17.8954058,27.7903275],[-17.8953749,27.7903655],[-17.8952354,27.7904844],[-17.8952193,27.7905446],[-17.8951928,27.7905669],[-17.8950711,27.7906129],[-17.8950463,27.7906683],[-17.8950593,27.7907281],[-17.8951458,27.7907617],[-17.8952158,27.7907689],[-17.8952619,27.790806],[-17.8952483,27.7908185],[-17.8952157,27.7908199],[-17.8950093,27.7907968],[-17.8949175,27.790799],[-17.8948552,27.7908912],[-17.8948203,27.7908917],[-17.8947242,27.7909751],[-17.894595,27.7909693],[-17.8945843,27.7909795],[-17.8946249,27.7910537],[-17.8946239,27.7911061],[-17.8945269,27.7911818],[-17.8944949,27.791251],[-17.8944759,27.7913517],[-17.894417,27.7914135],[-17.8943927,27.7915908],[-17.8942173,27.7918935],[-17.8941149,27.7920198],[-17.8940427,27.7920829],[-17.8938535,27.7921886],[-17.8935768,27.7922408],[-17.8935186,27.7922058],[-17.8934228,27.7920122],[-17.8933917,27.7920104],[-17.8933262,27.792031],[-17.893255,27.7920177],[-17.8931988,27.7919799],[-17.8931974,27.7919567],[-17.8932444,27.7919082],[-17.8932472,27.7918861],[-17.8932276,27.7918642],[-17.8931653,27.791841],[-17.8931049,27.7918509],[-17.8929241,27.7919772],[-17.8928596,27.7920408],[-17.8928393,27.7920932],[-17.8928476,27.7921717],[-17.8928303,27.792191],[-17.8927852,27.7922041],[-17.8927351,27.7922467],[-17.8926871,27.7923731],[-17.8926225,27.7924165],[-17.892528,27.792525],[-17.8924541,27.7925713],[-17.892307,27.792634],[-17.8921869,27.792791],[-17.8920537,27.7928388],[-17.8920004,27.7928775],[-17.891985,27.792904],[-17.8919776,27.7930173],[-17.8919351,27.7931158],[-17.8918585,27.793176],[-17.8918283,27.7932328],[-17.8917435,27.7933069],[-17.8917355,27.7933204],[-17.8917489,27.7934102],[-17.8916932,27.7934829],[-17.8916917,27.7935067],[-17.8917061,27.7935141],[-17.8917665,27.7935041],[-17.8919383,27.7936546],[-17.8919437,27.7937473],[-17.891912,27.7937703],[-17.8918747,27.7938274],[-17.8918442,27.7939777],[-17.8919069,27.7940645],[-17.8919425,27.7941548],[-17.8919447,27.7942483],[-17.8919579,27.7942635],[-17.8920948,27.7943256],[-17.8921783,27.7943803],[-17.892189,27.7944014],[-17.8919785,27.7944178],[-17.8918939,27.7944402],[-17.8918094,27.7944404],[-17.8917392,27.7944638],[-17.8916666,27.7944606],[-17.8916013,27.7944889],[-17.8914899,27.7945067],[-17.8914276,27.7944944],[-17.8913712,27.7945123],[-17.8913196,27.7946087],[-17.8913486,27.7946621],[-17.8913174,27.794694],[-17.8913099,27.7947298],[-17.8912525,27.7947865],[-17.8912142,27.7947956],[-17.8911724,27.7948284],[-17.8911539,27.7949394],[-17.8910743,27.7950352],[-17.8910356,27.7951079],[-17.8909715,27.7951623],[-17.8909602,27.7952616],[-17.8910181,27.7953572],[-17.8910095,27.7953889],[-17.8908475,27.7954689],[-17.8908268,27.7954897],[-17.8908218,27.7955153],[-17.8908322,27.7955366],[-17.8908714,27.7955501],[-17.8908737,27.7955878],[-17.8907499,27.7957076],[-17.8907455,27.7957454],[-17.8907843,27.7958009],[-17.8909204,27.7958681],[-17.8909811,27.795939],[-17.890943,27.7959413],[-17.8908524,27.7958938],[-17.8908052,27.7958997],[-17.8907922,27.7959372],[-17.8908172,27.7960014],[-17.8907177,27.7960531],[-17.8906263,27.7960831],[-17.8905222,27.7961735],[-17.8904945,27.7962186],[-17.8904963,27.7962436],[-17.8905602,27.7962774],[-17.8905663,27.7962948],[-17.8904385,27.796452],[-17.8904174,27.7965353],[-17.8904693,27.796601],[-17.8904722,27.7966216],[-17.8904583,27.7966385],[-17.890402,27.7966531],[-17.8903282,27.7966587],[-17.8903111,27.7966981],[-17.8902334,27.7967673],[-17.8901332,27.7967531],[-17.8901173,27.7967689],[-17.8901093,27.7968213],[-17.8901545,27.7968938],[-17.8901557,27.7969374],[-17.8901092,27.7969594],[-17.8900138,27.7969735],[-17.8899205,27.7970343],[-17.8899187,27.7971022],[-17.8899432,27.7971582],[-17.8899385,27.7972176],[-17.8899489,27.7972406],[-17.8899972,27.7972726],[-17.8900974,27.7973003],[-17.8901233,27.7973315],[-17.8899237,27.7974838],[-17.8898624,27.7975176],[-17.8898885,27.7975955],[-17.8899767,27.7976878],[-17.8900163,27.7977612],[-17.8900181,27.7977867],[-17.8899705,27.7978125],[-17.8898245,27.7978339],[-17.8898236,27.7978746],[-17.8898457,27.7979216],[-17.8898377,27.7980705],[-17.8898216,27.7980834],[-17.88975,27.7980836],[-17.8897309,27.798173],[-17.8897448,27.7982368],[-17.8896385,27.7982972],[-17.8895666,27.7983911],[-17.8895661,27.7984152],[-17.8896048,27.7984824],[-17.8896898,27.7985686],[-17.8896904,27.7985894],[-17.8895671,27.798595],[-17.8894868,27.7985498],[-17.8894376,27.7985487],[-17.8891861,27.798685],[-17.8891707,27.7987135],[-17.8891689,27.7988286],[-17.8890207,27.7988595],[-17.888977,27.7988588],[-17.8889667,27.7988684],[-17.8889759,27.7988973],[-17.8891299,27.7990406],[-17.8891493,27.7990808],[-17.8891512,27.7991304],[-17.8891439,27.7991553],[-17.8890947,27.7992049],[-17.8890568,27.7992906],[-17.8888096,27.7995127],[-17.8888003,27.7995341],[-17.8888108,27.7996505],[-17.8887468,27.7997876],[-17.8887463,27.7998124],[-17.8887892,27.7998767],[-17.8887039,27.8000195],[-17.888626,27.8000605],[-17.8884613,27.8001112],[-17.8884013,27.8000928],[-17.8883235,27.8001193],[-17.8882385,27.8000391],[-17.8881835,27.8000411],[-17.88816,27.8000553],[-17.8881508,27.8001058],[-17.8881617,27.8001973],[-17.8881888,27.8002865],[-17.8881003,27.800285],[-17.8879955,27.8003682],[-17.8879471,27.8003769],[-17.8879021,27.8003554],[-17.8878578,27.800284],[-17.88778,27.8002149],[-17.8877265,27.8002047],[-17.8877119,27.8002214],[-17.8877229,27.8003022],[-17.8877121,27.8003347],[-17.8876748,27.8003657],[-17.8876439,27.8003811],[-17.8875511,27.8004309],[-17.8874671,27.8004944],[-17.8874283,27.8005238],[-17.887395,27.8005451],[-17.8873613,27.8005564],[-17.8873434,27.8005581],[-17.8872992,27.800562],[-17.8872621,27.8005508],[-17.8872377,27.8005435],[-17.8871721,27.8005237],[-17.8870467,27.8005202],[-17.8870289,27.8005197],[-17.8870254,27.8004482],[-17.8870199,27.8004294],[-17.8870014,27.8004219],[-17.8869657,27.8004229],[-17.8869565,27.8004231],[-17.8869307,27.8004686],[-17.8868818,27.8004993],[-17.8867539,27.8004827],[-17.8866404,27.8004973],[-17.8864467,27.8004201],[-17.8864077,27.8004141],[-17.886384,27.8004187],[-17.8863405,27.8004557],[-17.8862472,27.800441],[-17.8861852,27.8004603],[-17.8861014,27.8004619],[-17.8859506,27.8003972],[-17.8857212,27.8003806],[-17.8856977,27.8003702],[-17.8856858,27.8003561],[-17.8856924,27.8002292],[-17.8856784,27.8002097],[-17.8856539,27.8001985],[-17.8855646,27.8001957],[-17.8855461,27.8002659],[-17.8855621,27.8003426],[-17.8853309,27.800475],[-17.8852093,27.8005037],[-17.8851773,27.8005247],[-17.8851323,27.8005874],[-17.8851256,27.8006719],[-17.8851691,27.800776],[-17.8851414,27.8008084],[-17.8850575,27.8008144],[-17.8850117,27.8008515],[-17.885017,27.8009169],[-17.8850853,27.80099],[-17.8851183,27.8010463],[-17.8851212,27.8010761],[-17.8851061,27.8010979],[-17.8850868,27.8011033],[-17.8850361,27.8010685],[-17.884994,27.8010637],[-17.8849233,27.801113],[-17.8847442,27.8011283],[-17.8846653,27.8011535],[-17.8845411,27.8012933],[-17.8845394,27.8013528],[-17.8845776,27.8014],[-17.8845797,27.8014557],[-17.8845413,27.8015157],[-17.884476,27.801576],[-17.8844539,27.8016542],[-17.8843901,27.8017055],[-17.8843773,27.8018521],[-17.8842701,27.8018492],[-17.8841974,27.8019059],[-17.8841725,27.8019691],[-17.8841621,27.8020633],[-17.884081,27.8021402],[-17.8840806,27.8022494],[-17.8839382,27.8022129],[-17.8838679,27.8022134],[-17.8838497,27.8022289],[-17.8838656,27.8023138],[-17.8839356,27.8023765],[-17.8839532,27.8024195],[-17.8839013,27.8024026],[-17.8838798,27.8024073],[-17.8838618,27.8024228],[-17.883855,27.8024731],[-17.8837694,27.8025012],[-17.8837115,27.8025477],[-17.8836998,27.8026081],[-17.8837137,27.8026333],[-17.8837644,27.8026667],[-17.8838428,27.8027468],[-17.8838453,27.8027627],[-17.8837441,27.8027914],[-17.8836322,27.8028041],[-17.8836138,27.8028283],[-17.8836012,27.8028907],[-17.8835534,27.8029633],[-17.8835493,27.8029961],[-17.8835671,27.8030519],[-17.8835508,27.8031123],[-17.8836035,27.8031442],[-17.8836057,27.8031599],[-17.8835048,27.8032134],[-17.8834571,27.8032919],[-17.8834371,27.8034371],[-17.8834486,27.8034613],[-17.8834771,27.8034795],[-17.8834801,27.803543],[-17.8834037,27.8035625],[-17.8833832,27.8035789],[-17.8833823,27.8036155],[-17.8834122,27.8037125],[-17.883406,27.8037303],[-17.8833286,27.8037871],[-17.8833205,27.8038068],[-17.8833343,27.8040118],[-17.8832649,27.8040746],[-17.8832541,27.8040984],[-17.8832509,27.8041436],[-17.88332,27.804268],[-17.8833294,27.8043515],[-17.8833922,27.8044204],[-17.883395,27.8044442],[-17.8833342,27.8044659],[-17.8832909,27.8044988],[-17.8832716,27.8045231],[-17.8832683,27.804551],[-17.8832845,27.8045732],[-17.8833126,27.8045753],[-17.8832972,27.8046012],[-17.883297,27.8047499],[-17.8833415,27.8047914],[-17.8833492,27.8048839],[-17.8833068,27.8049267],[-17.8832922,27.8049857],[-17.8832458,27.8050103],[-17.883117,27.8050328],[-17.88309,27.8050558],[-17.8830811,27.8050863],[-17.8830953,27.8051105],[-17.883183,27.8051626],[-17.8832064,27.805207],[-17.8833214,27.8053023],[-17.8833475,27.8053603],[-17.883405,27.8053851],[-17.8834166,27.8054062],[-17.883418,27.8054438],[-17.8834033,27.8054555],[-17.8833295,27.8054263],[-17.8832988,27.8054346],[-17.8832601,27.8054816],[-17.8832678,27.8055262],[-17.883311,27.8055408],[-17.8833357,27.8055731],[-17.8833909,27.8055911],[-17.8833849,27.8056196],[-17.8833711,27.805635],[-17.8832709,27.8056359],[-17.883209,27.8056545],[-17.8831806,27.8056781],[-17.8831623,27.8057371],[-17.8832635,27.8058012],[-17.8833478,27.805908],[-17.8833601,27.8059906],[-17.8833221,27.8061217],[-17.8833431,27.8061787],[-17.8835177,27.8061929],[-17.8836048,27.8062233],[-17.8836044,27.8062462],[-17.8835918,27.8062529],[-17.8835236,27.8062606],[-17.8834721,27.8062783],[-17.8834449,27.8063006],[-17.8834131,27.8063565],[-17.8834002,27.8064314],[-17.8833717,27.8064608],[-17.8833622,27.8064911],[-17.8833481,27.8065501],[-17.8833566,27.8066536],[-17.8832824,27.8067362],[-17.8832883,27.806757],[-17.883315,27.8067692],[-17.8834797,27.8067825],[-17.8835036,27.8067972],[-17.8835077,27.806814],[-17.8834009,27.8068593],[-17.8833827,27.8069056],[-17.8833097,27.8069844],[-17.8832856,27.8071434],[-17.883256,27.8071685],[-17.8831031,27.8071196],[-17.8830045,27.807111],[-17.8829487,27.8071195],[-17.8828352,27.8071649],[-17.8828091,27.8072058],[-17.8828658,27.8072497],[-17.8830913,27.8073351],[-17.8832721,27.8073812],[-17.8834615,27.8074731],[-17.883579,27.807544],[-17.8839471,27.8076783],[-17.8839996,27.8076892],[-17.8840806,27.8076739],[-17.8842219,27.8076838],[-17.8842555,27.807696],[-17.8842824,27.8077221],[-17.8842923,27.8077613],[-17.8842696,27.8078354],[-17.8841665,27.8079451],[-17.8841673,27.8080327],[-17.884029,27.8081737],[-17.8838663,27.8082932],[-17.8837228,27.8084405],[-17.8836809,27.8085068],[-17.8836569,27.8085809],[-17.883495,27.8085863],[-17.8834296,27.8086032],[-17.8832324,27.8085389],[-17.8830271,27.8085455],[-17.8829821,27.8085573],[-17.8829399,27.8085883],[-17.8829296,27.808621],[-17.8829326,27.8086534],[-17.8829609,27.8086752],[-17.8829995,27.8086838],[-17.8831804,27.8086811],[-17.8832438,27.8086538],[-17.883267,27.8086543],[-17.8833071,27.8086958],[-17.88333,27.8087616],[-17.8833751,27.8088093],[-17.8834546,27.8088631],[-17.8834567,27.8088857],[-17.8834145,27.8089726],[-17.8833994,27.809041],[-17.8832671,27.8092427],[-17.8832614,27.8092796],[-17.8832648,27.8093984],[-17.883278,27.8094375],[-17.8833634,27.8095373],[-17.883351,27.8095849],[-17.8832605,27.8096311],[-17.8832617,27.809666],[-17.8833187,27.8097482],[-17.88332,27.8097879],[-17.883295,27.8098245],[-17.8832985,27.8098408],[-17.8833155,27.8098501],[-17.8834072,27.80985],[-17.8834232,27.8098617],[-17.8834214,27.8098852],[-17.8832273,27.8102065],[-17.8832111,27.8102509],[-17.8832074,27.8103132],[-17.8832588,27.8104306],[-17.8832851,27.810583],[-17.8833277,27.8106429],[-17.8832336,27.8107627],[-17.8832188,27.8108401],[-17.8832333,27.8108688],[-17.8832637,27.8108842],[-17.8833458,27.8108961],[-17.8834435,27.8109352],[-17.8835204,27.8109959],[-17.8835401,27.811102],[-17.883535,27.8111801],[-17.8835302,27.8111985],[-17.8834694,27.8112397],[-17.8834586,27.8112652],[-17.8834619,27.811338],[-17.8833535,27.8114338],[-17.8832453,27.8114631],[-17.8832069,27.811494],[-17.8831989,27.8115721],[-17.883225,27.8116069],[-17.8832632,27.8116297],[-17.8833104,27.8116317],[-17.8834057,27.8115974],[-17.8834358,27.8115652],[-17.8834873,27.811568],[-17.8835213,27.8116885],[-17.8835419,27.811715],[-17.8835475,27.811764],[-17.8835634,27.8117679],[-17.88361,27.8117499],[-17.8836944,27.8116895],[-17.8837201,27.8116995],[-17.8837291,27.8117255],[-17.8837194,27.8117555],[-17.8836562,27.8118343],[-17.8836311,27.8118961],[-17.88357,27.8119766],[-17.8835336,27.8120038],[-17.8834448,27.8120321],[-17.8834393,27.8120583],[-17.8834598,27.8121119],[-17.8835483,27.8121077],[-17.8835496,27.8121252],[-17.8834689,27.8121746],[-17.8834676,27.8121921],[-17.8834868,27.8121985],[-17.8836028,27.8121734],[-17.8837236,27.8121726],[-17.8837454,27.8122261],[-17.8837255,27.8123017],[-17.8836288,27.8123819],[-17.8836259,27.8124008],[-17.8836507,27.8124397],[-17.8835023,27.8124883],[-17.8834948,27.8125105],[-17.8835008,27.8125339],[-17.883543,27.8125652],[-17.8835949,27.8125794],[-17.8836743,27.8125124],[-17.8837357,27.8125027],[-17.8837363,27.8125176],[-17.8836504,27.8125934],[-17.8835715,27.8127103],[-17.8835526,27.8128257],[-17.8836276,27.8128882],[-17.8836507,27.812923],[-17.8836594,27.8129962],[-17.8836173,27.8130317],[-17.8834733,27.8130795],[-17.8834613,27.8131025],[-17.8834691,27.8131856],[-17.8834984,27.813282],[-17.8835217,27.8133032],[-17.8835568,27.8132696],[-17.8835656,27.8131828],[-17.8835773,27.8131781],[-17.8836144,27.813196],[-17.8836819,27.8132721],[-17.8837533,27.8132843],[-17.8837866,27.8132744],[-17.8838418,27.813231],[-17.8839059,27.813144],[-17.8839281,27.81314],[-17.8839474,27.813155],[-17.8839818,27.8133675],[-17.8840062,27.8133959],[-17.8839143,27.8134676],[-17.8839186,27.8135774],[-17.8839454,27.8136137],[-17.8839724,27.8136213],[-17.8840004,27.8136171],[-17.8840741,27.8135738],[-17.8841544,27.8135655],[-17.8841881,27.8136223],[-17.8841766,27.8137275],[-17.8842173,27.8138137],[-17.8842352,27.8139508],[-17.8842717,27.8140407],[-17.8843359,27.8141254],[-17.8843408,27.8141495],[-17.884304,27.8141882],[-17.8843073,27.8142283],[-17.8843518,27.8142542],[-17.8844215,27.8142549],[-17.884507,27.8142313],[-17.8845515,27.8143681],[-17.884728,27.8145984],[-17.8848063,27.8147684],[-17.884913,27.814886],[-17.884933,27.8149545],[-17.884801,27.8150897],[-17.8847871,27.8151434],[-17.8847959,27.8151685],[-17.8848331,27.815164],[-17.8849342,27.8150675],[-17.8849576,27.8150657],[-17.8849737,27.8150785],[-17.8849693,27.8151415],[-17.8849078,27.8152299],[-17.8849063,27.8152528],[-17.8849365,27.8152666],[-17.8849908,27.8152467],[-17.8850531,27.8151977],[-17.8851071,27.8151727],[-17.8851736,27.8151592],[-17.8851854,27.8151781],[-17.8851784,27.8152064],[-17.885087,27.8153209],[-17.8850384,27.8154213],[-17.8850384,27.8154718],[-17.8850662,27.8155078],[-17.8851553,27.8154999],[-17.8852174,27.8154693],[-17.8853284,27.8154611],[-17.8853513,27.8154365],[-17.8853796,27.8153607],[-17.8854272,27.8153453],[-17.8854877,27.8153838],[-17.8855672,27.8154838],[-17.8855454,27.815613],[-17.885495,27.8156815],[-17.8854871,27.8157407],[-17.885492,27.8157638],[-17.885581,27.8158331],[-17.8855932,27.8158956],[-17.8854526,27.815983],[-17.885413,27.8160367],[-17.8854131,27.8160827],[-17.8854278,27.8161149],[-17.8854798,27.8161684],[-17.8854655,27.8163124],[-17.8854988,27.8163322],[-17.8855571,27.8163323],[-17.8856023,27.8163625],[-17.8855937,27.8164528],[-17.8856228,27.8164966],[-17.8856319,27.816559],[-17.8855649,27.8166331],[-17.8855545,27.8167033],[-17.8855902,27.8167056],[-17.8856715,27.8166691],[-17.8857153,27.8166628],[-17.8858384,27.8166637],[-17.8858441,27.8166765],[-17.8858232,27.8167024],[-17.8857281,27.8167402],[-17.8857311,27.8167708],[-17.885844,27.8167855],[-17.8858642,27.8168026],[-17.8858971,27.8168929],[-17.8859298,27.8168795],[-17.8859971,27.8168773],[-17.8861961,27.8169434],[-17.8862331,27.8169818],[-17.8863122,27.8170242],[-17.8863137,27.817037],[-17.886285,27.8170626],[-17.8863005,27.8171075],[-17.8863912,27.8171146],[-17.8864314,27.8171336],[-17.8864126,27.8171612],[-17.8863451,27.8171936],[-17.886222,27.8172785],[-17.8862121,27.8172999],[-17.8862093,27.8174163],[-17.8862578,27.8175006],[-17.8863022,27.8175388],[-17.8863147,27.8176066],[-17.8863503,27.8176361],[-17.8863818,27.8176413],[-17.886367,27.8177441],[-17.8863811,27.8177558],[-17.8864283,27.8177493],[-17.8864432,27.8177307],[-17.8864808,27.8176298],[-17.8864791,27.8176051],[-17.8865603,27.8175163],[-17.8865611,27.8174533],[-17.8865721,27.8174304],[-17.8865914,27.8174226],[-17.8866199,27.8174265],[-17.8866715,27.817486],[-17.8867524,27.8175151],[-17.8867627,27.8175341],[-17.8867576,27.8175571],[-17.8866771,27.8176425],[-17.8866599,27.817684],[-17.8866698,27.8177144],[-17.8867134,27.8176939],[-17.8867865,27.8176148],[-17.8868537,27.8175672],[-17.8869656,27.8176184],[-17.8870071,27.8176697],[-17.8870446,27.8177902],[-17.8870932,27.8177949],[-17.8871462,27.8177183],[-17.8871661,27.8177157],[-17.8871771,27.8177986],[-17.887164,27.817827],[-17.8871204,27.8178911],[-17.8870123,27.8181147],[-17.8869577,27.8181907],[-17.8868526,27.8182775],[-17.8868325,27.8183131],[-17.8868266,27.81837],[-17.8869666,27.8183974],[-17.8870028,27.8184515],[-17.8871091,27.8184521],[-17.8871146,27.8183899],[-17.8871544,27.8183162],[-17.8871559,27.8182541],[-17.8872027,27.8181608],[-17.8872877,27.8180615],[-17.887365,27.8180241],[-17.8874014,27.8180211],[-17.8874321,27.8180301],[-17.8874508,27.8180786],[-17.8873853,27.8181704],[-17.8873681,27.8182373],[-17.8873695,27.8183014],[-17.887407,27.8183369],[-17.887453,27.8183302],[-17.8875226,27.818184],[-17.8875336,27.8180576],[-17.8876077,27.81804],[-17.8876306,27.8180689],[-17.8876196,27.8182527],[-17.8876406,27.8184256],[-17.8876977,27.8185367],[-17.8877389,27.8186621],[-17.8877882,27.8187237],[-17.8878148,27.8187265],[-17.8878383,27.8187126],[-17.8878668,27.8186612],[-17.8878837,27.8185934],[-17.8879111,27.8185558],[-17.8879353,27.8185455],[-17.8880728,27.818539],[-17.8882211,27.8185092],[-17.8882305,27.8185466],[-17.8881819,27.8185884],[-17.8881277,27.8186117],[-17.8881281,27.818653],[-17.8881457,27.8186958],[-17.8881677,27.8187122],[-17.8883741,27.8187586],[-17.8885234,27.8187559],[-17.8885861,27.8187733],[-17.8886435,27.818889],[-17.8886524,27.8189383],[-17.8886426,27.8191609],[-17.888602,27.8192304],[-17.8886043,27.8192478],[-17.8887584,27.8192925],[-17.8887946,27.8193358],[-17.8887943,27.8193551],[-17.8887218,27.8194374],[-17.8887179,27.8195016],[-17.8887525,27.8195548],[-17.8887783,27.8195618],[-17.8888504,27.8195109],[-17.8889112,27.8195056],[-17.8889343,27.8195226],[-17.888969,27.8195837],[-17.8889732,27.8196421],[-17.8889085,27.8197402],[-17.8889096,27.8197603],[-17.8889436,27.8197784],[-17.8889451,27.8197924],[-17.8888458,27.8199352],[-17.8888564,27.8199795],[-17.888892,27.8200099],[-17.8889902,27.8200047],[-17.8890699,27.8199831],[-17.8891589,27.8199305],[-17.8891961,27.8199252],[-17.8892044,27.8200002],[-17.8891917,27.8200756],[-17.8892381,27.8201086],[-17.8892891,27.820127],[-17.8893004,27.8201443],[-17.8892868,27.8201832],[-17.8892946,27.8202002],[-17.8893289,27.8202185],[-17.8893027,27.8202849],[-17.8893084,27.820313],[-17.8893818,27.8203573],[-17.8895189,27.8203628],[-17.8895343,27.8203736],[-17.8896173,27.8206265],[-17.8896366,27.820649],[-17.8896615,27.8206524],[-17.8896794,27.8206389],[-17.8897169,27.8205519],[-17.8897644,27.8205062],[-17.8899322,27.8204173],[-17.8899926,27.8203728],[-17.8902194,27.8203257],[-17.890413,27.8201874],[-17.8904898,27.8201591],[-17.8904991,27.8201726],[-17.8904921,27.8201975],[-17.8904566,27.8202472],[-17.8903425,27.8203346],[-17.8903474,27.8203554],[-17.8903665,27.820369],[-17.890405,27.8203713],[-17.8904162,27.8203841],[-17.890427,27.8204373],[-17.8904209,27.8204538],[-17.8903543,27.820498],[-17.8903151,27.8205514],[-17.8903196,27.820677],[-17.8903548,27.8207173],[-17.89038,27.8207175],[-17.8904841,27.8206242],[-17.8905037,27.820624],[-17.8905542,27.8206653],[-17.8906369,27.8208824],[-17.8906968,27.8209584],[-17.8907551,27.8209866],[-17.8907825,27.8209876],[-17.8909332,27.8209385],[-17.8909515,27.8209493],[-17.8910172,27.8211014],[-17.8911594,27.8212759],[-17.8911683,27.8213027],[-17.8911526,27.8213846],[-17.8911621,27.8214076],[-17.8912504,27.821419],[-17.8913065,27.8214525],[-17.8912976,27.8215603],[-17.8913004,27.8215857],[-17.8913179,27.8216044],[-17.8913621,27.8216032],[-17.8914013,27.8215479],[-17.891433,27.8215539],[-17.89155,27.8217691],[-17.8916311,27.8217938],[-17.8916332,27.8218069],[-17.891605,27.8218391],[-17.8916129,27.821874],[-17.8916536,27.8218772],[-17.8917617,27.8218471],[-17.8918186,27.8218446],[-17.8918282,27.8218555],[-17.891781,27.8219181],[-17.8917824,27.821962],[-17.8918504,27.8220072],[-17.8919212,27.8220112],[-17.8919524,27.8220023],[-17.8919907,27.8219515],[-17.8919945,27.8218666],[-17.892135,27.8219107],[-17.8921833,27.8219136],[-17.8924077,27.8218582],[-17.8924309,27.8219623],[-17.8924288,27.8220017],[-17.8923979,27.8220778],[-17.8924003,27.822119],[-17.8924393,27.8221344],[-17.8924875,27.8221321],[-17.892579,27.8221059],[-17.89264,27.8221111],[-17.8926399,27.8221494],[-17.8926056,27.8222124],[-17.892602,27.8222785],[-17.8925083,27.8223764],[-17.8925157,27.8223911],[-17.8926181,27.8223986],[-17.8926468,27.8224259],[-17.8925591,27.8225052],[-17.8925554,27.8225938],[-17.8925372,27.8226627],[-17.8924864,27.8227226],[-17.8926062,27.82272],[-17.8926191,27.8227483],[-17.892631,27.822749],[-17.8926851,27.8227187],[-17.8927929,27.8225992],[-17.8929403,27.8225048],[-17.893037,27.8224084],[-17.8930936,27.8223176],[-17.8931431,27.822275],[-17.8932192,27.8222501],[-17.8933118,27.8222017],[-17.8933823,27.8221935],[-17.8934794,27.8222039],[-17.8935242,27.8222509],[-17.8935289,27.822297],[-17.8934951,27.8223682],[-17.8934992,27.8225324],[-17.8934379,27.8225864],[-17.8934357,27.8226077],[-17.893494,27.8226639],[-17.8934986,27.8226818],[-17.8934616,27.8227468],[-17.8934577,27.8227758],[-17.8934675,27.8227974],[-17.893539,27.8228174],[-17.8935889,27.8229235],[-17.8936887,27.8230158],[-17.8937341,27.8230959],[-17.89373,27.8231766],[-17.8936953,27.8232229],[-17.8936378,27.8232377],[-17.8936132,27.8232577],[-17.8936069,27.8233006],[-17.893659,27.8233315],[-17.8937964,27.8233442],[-17.8938541,27.8234143],[-17.8938546,27.8234265],[-17.8938129,27.8234426],[-17.8937636,27.8235001],[-17.8937451,27.8235528],[-17.8937564,27.8235996],[-17.8938059,27.8236078],[-17.8939067,27.8235721],[-17.8939296,27.8235774],[-17.8939416,27.8237641],[-17.8939646,27.8238047],[-17.894056,27.8238851],[-17.8941729,27.8239044],[-17.8942439,27.8239042],[-17.8943051,27.8238859],[-17.8943945,27.8238227],[-17.8944093,27.8237952],[-17.8944636,27.8237798],[-17.8944934,27.8237814],[-17.8945755,27.8238148],[-17.8946505,27.8238049],[-17.8948226,27.8236862],[-17.8948914,27.8236626],[-17.8949553,27.823658],[-17.8949648,27.8237313],[-17.8950258,27.8237289],[-17.8950895,27.8236398],[-17.8951853,27.8236138],[-17.8952884,27.8236406],[-17.8955459,27.8237075],[-17.8956648,27.8237901],[-17.895626,27.823813],[-17.8956407,27.8238673],[-17.8957032,27.8238847],[-17.8957815,27.8238804],[-17.8958104,27.8239116],[-17.8957874,27.8241128],[-17.8958246,27.8241141],[-17.8958487,27.8241423],[-17.8958348,27.8241672],[-17.8956824,27.8241978],[-17.8955147,27.8242108],[-17.8954406,27.8242377],[-17.8953901,27.824288],[-17.895332,27.8243204],[-17.8953313,27.8243392],[-17.8952468,27.8243429],[-17.8952253,27.8242431],[-17.8951924,27.8242421],[-17.8951904,27.8243288],[-17.8951306,27.8243612],[-17.8950873,27.8243716],[-17.8950483,27.824365],[-17.8950055,27.8243462],[-17.8949758,27.8243292],[-17.8948528,27.8243014],[-17.8946345,27.824306],[-17.8945652,27.8243253],[-17.8944449,27.824398],[-17.8943759,27.8243988],[-17.8942883,27.8243592],[-17.8941289,27.8243597],[-17.8939596,27.8243941],[-17.8938217,27.8244464],[-17.8937505,27.8245183],[-17.8937115,27.8245808],[-17.8937129,27.8246181],[-17.8937473,27.8246425],[-17.8938667,27.824654],[-17.8938949,27.8246715],[-17.8939033,27.824707],[-17.8938787,27.8247333],[-17.8937503,27.8248052],[-17.89371,27.8248624],[-17.8937446,27.8248683],[-17.8938005,27.8248145],[-17.8938212,27.8248129],[-17.8938012,27.8248467],[-17.8938046,27.8248673],[-17.89388,27.8248591],[-17.8938886,27.8250321],[-17.8938593,27.8251537],[-17.8938724,27.8252669],[-17.8938445,27.8252548],[-17.8938214,27.8252222],[-17.8938088,27.8252171],[-17.893807,27.8252323],[-17.8938675,27.8253178],[-17.8938541,27.8253637],[-17.8937434,27.8254325],[-17.8936494,27.8254676],[-17.8935828,27.8254773],[-17.8935327,27.8254498],[-17.8934875,27.8254216],[-17.8935966,27.8253965],[-17.8936069,27.8253866],[-17.8936006,27.8253658],[-17.8935231,27.8252979],[-17.8934383,27.8252936],[-17.8934142,27.8253058],[-17.8933965,27.8253402],[-17.893453,27.8254103],[-17.8933622,27.8254787],[-17.8932727,27.8255091],[-17.8931934,27.8256723],[-17.893118,27.8257645],[-17.892978,27.8258359],[-17.8928286,27.8258453],[-17.8927544,27.8258013],[-17.8926792,27.8258027],[-17.892621,27.8258174],[-17.8925616,27.8258996],[-17.8924997,27.8259484],[-17.8924736,27.8259893],[-17.8924714,27.8260115],[-17.8925258,27.826107],[-17.8926326,27.8261974],[-17.8927234,27.8262342],[-17.8927835,27.8262332],[-17.8928635,27.8262128],[-17.8929098,27.826243],[-17.8929647,27.8263119],[-17.893017,27.8263376],[-17.8931049,27.8264576],[-17.8930885,27.8265533],[-17.8930971,27.8265908],[-17.8931722,27.8267425],[-17.8934485,27.826974],[-17.8935147,27.827064],[-17.8935938,27.8271052],[-17.8938058,27.8272525],[-17.8938757,27.8273561],[-17.8939128,27.8275911],[-17.8938846,27.8276541],[-17.8938881,27.8276706],[-17.8939312,27.8276964],[-17.8939389,27.827719],[-17.8938627,27.827756],[-17.893846,27.82779],[-17.8936489,27.8279373],[-17.8935648,27.8279528],[-17.8935549,27.8280651],[-17.8934688,27.8280668],[-17.8934442,27.8280773],[-17.8934493,27.8281372],[-17.8936005,27.8282236],[-17.8936161,27.8282505],[-17.8936115,27.8282649],[-17.8935885,27.8282821],[-17.8934998,27.8282214],[-17.893427,27.8282517],[-17.8933706,27.82822],[-17.8933502,27.8281757],[-17.8933433,27.8281612],[-17.8932883,27.828169],[-17.8932682,27.8281872],[-17.8932641,27.8282134],[-17.8932678,27.8282337],[-17.8932911,27.8282503],[-17.8933368,27.8282587],[-17.8933509,27.8282715],[-17.8933629,27.8283279],[-17.893386,27.8283429],[-17.8934316,27.8283441],[-17.8934563,27.8283262],[-17.8935145,27.8283496],[-17.8935371,27.8283868],[-17.8935405,27.8284452],[-17.8935299,27.8284586],[-17.8934899,27.8284612],[-17.893473,27.8284873],[-17.893489,27.8285192],[-17.8935501,27.8285814],[-17.8935927,27.8287453],[-17.8936806,27.828839],[-17.8937084,27.8288959],[-17.8937161,27.8289447],[-17.8936953,27.8289714],[-17.893676,27.828971],[-17.8936281,27.8289172],[-17.8935513,27.8289225],[-17.893516,27.8289496],[-17.8935397,27.8294914],[-17.8937652,27.8295357],[-17.89385,27.8295696],[-17.8939056,27.8296177],[-17.8938985,27.8296557],[-17.8938061,27.8297018],[-17.8937851,27.829728],[-17.8937815,27.8298924],[-17.8937252,27.8299357],[-17.8936298,27.8299623],[-17.8935785,27.8300381],[-17.8935426,27.8301228],[-17.893531,27.8301868],[-17.8935626,27.8302242],[-17.8936029,27.8302295],[-17.8937736,27.8301593],[-17.8939488,27.830034],[-17.894042,27.8300142],[-17.8940681,27.8300348],[-17.8940885,27.8300761],[-17.8940639,27.8301564],[-17.894133,27.8302241],[-17.8941652,27.8302965],[-17.8941703,27.8303519],[-17.8941337,27.8304246],[-17.8941275,27.8304803],[-17.8941454,27.8305458],[-17.8941396,27.8305943],[-17.8938977,27.8308283],[-17.8938242,27.8308646],[-17.8938116,27.8309053],[-17.8938376,27.8309205],[-17.8939197,27.8309121],[-17.8939974,27.8308153],[-17.8940955,27.830746],[-17.8942319,27.8306963],[-17.8943,27.8306908],[-17.894336,27.8307076],[-17.8943881,27.8307731],[-17.8943914,27.8308806],[-17.8943632,27.8309661],[-17.8943221,27.8310375],[-17.894312,27.8310862],[-17.8943747,27.8311724],[-17.8945402,27.8312516],[-17.8946333,27.8313553],[-17.8946798,27.8314424],[-17.894691,27.8315546],[-17.8946706,27.8315943],[-17.8945685,27.8316327],[-17.8945134,27.8316786],[-17.8944091,27.8317171],[-17.894352,27.8317632],[-17.8940481,27.8319074],[-17.8940094,27.8319391],[-17.8939885,27.8320985],[-17.8939558,27.8321907],[-17.8940146,27.8322089],[-17.8940418,27.8322506],[-17.8939887,27.8323164],[-17.8939914,27.8323807],[-17.8940254,27.8323878],[-17.8942801,27.832378],[-17.8944704,27.8322793],[-17.89451,27.8322705],[-17.895134,27.83228],[-17.8951621,27.8323123],[-17.895161,27.8323347],[-17.8951182,27.8324357],[-17.8951131,27.8325425],[-17.8951531,27.8326048],[-17.8951975,27.832622],[-17.8953682,27.8326474],[-17.8954983,27.8326515],[-17.8955633,27.8326042],[-17.895701,27.8324017],[-17.8957206,27.8323922],[-17.8957533,27.83241],[-17.8957768,27.8324587],[-17.8958425,27.8327014],[-17.8958578,27.832718],[-17.8958827,27.8327191],[-17.8959635,27.8326294],[-17.8960025,27.8325674],[-17.896142,27.8324849],[-17.896201,27.8323626],[-17.8962782,27.8322981],[-17.8963382,27.8322753],[-17.8964489,27.8322634],[-17.8967709,27.8322764],[-17.8968956,27.8323113],[-17.8969775,27.8324587],[-17.8970579,27.832539],[-17.8971264,27.8325785],[-17.8973441,27.8326625],[-17.8974212,27.8327261],[-17.8975236,27.8327718],[-17.8977039,27.8328925],[-17.8977373,27.8329453],[-17.8978041,27.833171],[-17.8978277,27.8333374],[-17.897804,27.8334195],[-17.8978029,27.8335205],[-17.8978148,27.8335449],[-17.8978429,27.8335606],[-17.8979119,27.8335697],[-17.8981223,27.8335637],[-17.8982603,27.8335259],[-17.8983382,27.8334867],[-17.8983594,27.8334593],[-17.8983628,27.8334363],[-17.8983388,27.8334041],[-17.8983416,27.8333661],[-17.8984069,27.8332822],[-17.898476,27.8332524],[-17.8985238,27.833251],[-17.8985718,27.8332648],[-17.8988029,27.8334397],[-17.8987392,27.8335022],[-17.8986981,27.8335734],[-17.8986811,27.8336346],[-17.8987002,27.8336959],[-17.8987494,27.8337116],[-17.8988285,27.8336473],[-17.8988845,27.8336369],[-17.8989255,27.8336701],[-17.8989546,27.8337403],[-17.8989016,27.8337933],[-17.8988563,27.8338665],[-17.8987384,27.8339812],[-17.8987098,27.8340362],[-17.8986732,27.8342075],[-17.8986701,27.8342932],[-17.8987044,27.8343529],[-17.8987803,27.8344151],[-17.8990407,27.8345857],[-17.8990942,27.834681],[-17.8990892,27.8347588],[-17.8990691,27.8348233],[-17.8989443,27.8348468],[-17.8989112,27.8349001],[-17.8989355,27.8351068],[-17.8989062,27.835245],[-17.8989427,27.8354051],[-17.8989864,27.8355014],[-17.8990734,27.8355475],[-17.8991015,27.8355787],[-17.8991011,27.835602],[-17.8990595,27.8356471],[-17.8990492,27.8356868],[-17.8991032,27.8358728],[-17.8991246,27.8359031],[-17.8991531,27.8359197],[-17.8992163,27.835925],[-17.8993386,27.8358967],[-17.8993985,27.835901],[-17.8993801,27.835974],[-17.8993068,27.8360109],[-17.8992369,27.8360211],[-17.8992241,27.8360362],[-17.899159,27.8362058],[-17.8990773,27.83631],[-17.8990616,27.8363651],[-17.8990292,27.836358],[-17.8990293,27.8363328],[-17.8991138,27.8361751],[-17.8991519,27.8360666],[-17.8991512,27.8360193],[-17.899099,27.836012],[-17.8990801,27.8360258],[-17.89902,27.8361697],[-17.8989695,27.8362005],[-17.8989597,27.836241],[-17.8989214,27.8362753],[-17.8989166,27.8362969],[-17.8989469,27.8363452],[-17.8989502,27.8364151],[-17.8988599,27.8364541],[-17.8988635,27.836519],[-17.8987977,27.8365563],[-17.8988171,27.8366048],[-17.8988154,27.8366415],[-17.8987595,27.8366869],[-17.8986937,27.8367184],[-17.8986829,27.8367375],[-17.8986813,27.8367562],[-17.8987118,27.836786],[-17.8987945,27.8367935],[-17.8988205,27.8367862],[-17.898906,27.8367209],[-17.8989333,27.8366281],[-17.8989487,27.8366002],[-17.8990354,27.836522],[-17.8991323,27.8363086],[-17.8991562,27.8362838],[-17.8992152,27.8362583],[-17.8993158,27.8360954],[-17.8993693,27.8360741],[-17.8994236,27.8360972],[-17.8994736,27.8361065],[-17.899513,27.8361139],[-17.8995734,27.8361586],[-17.8996113,27.8361866],[-17.8996285,27.8361959],[-17.8998291,27.836305],[-17.9000464,27.8365699],[-17.9000261,27.8366511],[-17.8999471,27.8367375],[-17.8999086,27.8367491],[-17.8998626,27.836803],[-17.8998036,27.8369274],[-17.8998015,27.8369513],[-17.8998616,27.8370399],[-17.899862,27.8370868],[-17.8998523,27.8371067],[-17.8997908,27.8371538],[-17.8997228,27.8371852],[-17.899704,27.837251],[-17.8997374,27.8372878],[-17.899797,27.837297],[-17.8998474,27.8372731],[-17.8998739,27.8372366],[-17.8999346,27.8370377],[-17.8999916,27.8369862],[-17.9001007,27.8369462],[-17.9001635,27.8368857],[-17.9002159,27.8368677],[-17.9003076,27.8368083],[-17.9003598,27.8368049],[-17.9003849,27.8368134],[-17.9004173,27.8368457],[-17.900421,27.8368913],[-17.9004134,27.8369095],[-17.9002491,27.8370111],[-17.9002412,27.837047],[-17.9002735,27.8370924],[-17.9003227,27.8370997],[-17.9003422,27.8370911],[-17.9003882,27.8370585],[-17.9004202,27.8370044],[-17.9004698,27.8370764],[-17.9005077,27.8371076],[-17.9005501,27.8370897],[-17.9006535,27.8369658],[-17.9008367,27.8369515],[-17.9008841,27.8369558],[-17.9009776,27.8369893],[-17.9010554,27.8369446],[-17.9010994,27.836961],[-17.9011899,27.8370575],[-17.9011585,27.837156],[-17.9011692,27.8371832],[-17.9012148,27.8371981],[-17.901243,27.837179],[-17.9012759,27.8371772],[-17.9014311,27.8371898],[-17.9014758,27.8372056],[-17.9015026,27.8372439],[-17.9015164,27.8372928],[-17.9015186,27.8374055],[-17.9014803,27.8375163],[-17.9014791,27.8375638],[-17.9015064,27.8375872],[-17.9015775,27.8375248],[-17.9016602,27.8375032],[-17.9016747,27.8374809],[-17.9016786,27.8374087],[-17.901654,27.8372507],[-17.9016913,27.8372276],[-17.9017584,27.8372264],[-17.901787,27.8372352],[-17.9018397,27.8372898],[-17.9018714,27.8373809],[-17.9019006,27.8374152],[-17.9019342,27.8374164],[-17.9019552,27.8374048],[-17.9020099,27.8373435],[-17.9020574,27.8372646],[-17.9020741,27.8372606],[-17.9020867,27.8372657],[-17.9020867,27.837282],[-17.9020501,27.8373696],[-17.9020773,27.8373823],[-17.902167,27.8373251],[-17.9024394,27.8375842],[-17.9025835,27.8376548],[-17.9026735,27.8376882],[-17.9028419,27.8377164],[-17.903042,27.8376881],[-17.903114,27.8377038],[-17.9031724,27.8377381],[-17.9031753,27.8378976],[-17.9030277,27.8382033],[-17.902898,27.8383598],[-17.9028964,27.83839],[-17.9029259,27.8384063],[-17.9029243,27.8384385],[-17.9028299,27.8385424],[-17.9028134,27.8385857],[-17.9028139,27.8386531],[-17.9028331,27.838674],[-17.9028831,27.8386915],[-17.9031158,27.8387174],[-17.9032048,27.8387502],[-17.9032184,27.8387694],[-17.9032421,27.8389175],[-17.9033789,27.8391872],[-17.9034158,27.8393177],[-17.903544,27.839661],[-17.9036049,27.8399359],[-17.9037107,27.8400011],[-17.9037804,27.8401228],[-17.9038528,27.8403918],[-17.9038577,27.8406042],[-17.9038313,27.8406495],[-17.9037601,27.840689],[-17.9037555,27.8407302],[-17.9035429,27.8407542],[-17.90331,27.8408066],[-17.903175,27.840821],[-17.9030661,27.8409354],[-17.9029658,27.8409917],[-17.9026594,27.8410801],[-17.9024831,27.8410993],[-17.902369,27.8412259],[-17.9022495,27.8412912],[-17.9022198,27.841349],[-17.9021324,27.8414021],[-17.9020249,27.8415147],[-17.9019417,27.8415593],[-17.9018759,27.84164],[-17.9017518,27.8416711],[-17.9017384,27.8416848],[-17.9017469,27.8417137],[-17.9018724,27.8417648],[-17.9019721,27.8418206],[-17.9020375,27.8419119],[-17.9020649,27.8419159],[-17.9020932,27.8418999],[-17.9021316,27.8418582],[-17.902266,27.8417846],[-17.9023295,27.8417319],[-17.902391,27.8415691],[-17.9024172,27.8415423],[-17.9025958,27.8415222],[-17.902675,27.8415566],[-17.9027082,27.8416206],[-17.9027661,27.8416801],[-17.9027374,27.8417559],[-17.9027413,27.8417727],[-17.9027834,27.8418039],[-17.9027854,27.8418493],[-17.9027568,27.8418964],[-17.9026081,27.8419912],[-17.9025618,27.8420748],[-17.9026136,27.8420976],[-17.9026457,27.8421344],[-17.9027132,27.8421573],[-17.9027129,27.842194],[-17.9027945,27.8422022],[-17.9028172,27.842181],[-17.9028396,27.8421184],[-17.9028595,27.8421079],[-17.902982,27.8421069],[-17.9030428,27.8421431],[-17.9030872,27.8421529],[-17.9031169,27.8421127],[-17.9031652,27.8419341],[-17.9032124,27.8418966],[-17.9032472,27.8418864],[-17.9032742,27.8419126],[-17.9032782,27.8419349],[-17.9032852,27.8421321],[-17.9033361,27.8421535],[-17.9035058,27.8421521],[-17.9035716,27.8420879],[-17.9036058,27.8420187],[-17.9036133,27.841923],[-17.9035817,27.8418047],[-17.903593,27.8417442],[-17.9038059,27.841507],[-17.9039689,27.8414086],[-17.9041464,27.8413845],[-17.9043274,27.8413172],[-17.9044134,27.8413024],[-17.9044308,27.8412921],[-17.9044321,27.841261],[-17.9044648,27.8412382],[-17.9045779,27.8412188],[-17.9047024,27.8411731],[-17.9047976,27.8411131],[-17.9048981,27.8409666],[-17.9049866,27.8408938],[-17.9051632,27.8408507],[-17.9054429,27.8408248],[-17.9057627,27.8408288],[-17.9061087,27.8409306],[-17.9062173,27.8410551],[-17.9064505,27.8412224],[-17.9064906,27.8412554],[-17.9065064,27.8412873],[-17.9065137,27.8413388],[-17.9064517,27.8414791],[-17.9063469,27.8416209],[-17.9062297,27.8417339],[-17.9062226,27.8418159],[-17.9062766,27.841827],[-17.9063623,27.8417694],[-17.9064021,27.8418014],[-17.906451,27.8418127],[-17.9064844,27.8418353],[-17.906565,27.8418317],[-17.9067385,27.841887],[-17.9067928,27.8419195],[-17.9071017,27.84221],[-17.9071381,27.8423399],[-17.9071315,27.842647],[-17.9071086,27.8427796],[-17.9071164,27.8428128],[-17.9071789,27.8428628],[-17.907199,27.8429061],[-17.9071057,27.842999],[-17.9070888,27.8430417],[-17.9070854,27.8431554],[-17.9071026,27.8431775],[-17.9071438,27.8431926],[-17.9073061,27.8432274],[-17.9073605,27.8432691],[-17.9073661,27.8433044],[-17.9072468,27.8433973],[-17.9072312,27.8434539],[-17.9072522,27.8434681],[-17.9073802,27.8434661],[-17.9074513,27.8434471],[-17.9075015,27.8434175],[-17.9075144,27.8433765],[-17.9074873,27.8432335],[-17.9074381,27.8431926],[-17.9073604,27.8431918],[-17.9073431,27.8431822],[-17.9073203,27.8431133],[-17.9073676,27.8430603],[-17.9074348,27.8430166],[-17.907542,27.8428989],[-17.9075889,27.8427884],[-17.9076916,27.8426811],[-17.9077205,27.842661],[-17.9077521,27.8426585],[-17.9078278,27.8427204],[-17.9078909,27.8427015],[-17.9079187,27.8426753],[-17.9079909,27.8425704],[-17.9080009,27.8424706],[-17.9080456,27.8424201],[-17.9082001,27.8423911],[-17.9083901,27.8423999],[-17.9085118,27.8423711],[-17.9087007,27.842368],[-17.9087773,27.8423708],[-17.9088566,27.8423907],[-17.9089323,27.8424303],[-17.909012,27.8424921],[-17.9091767,27.8426488],[-17.9092621,27.8428015],[-17.9094742,27.8430222],[-17.909578,27.8431535],[-17.9096115,27.8432339],[-17.9096183,27.8432939],[-17.9095609,27.8434081],[-17.9095599,27.8434385],[-17.9095915,27.8434891],[-17.9097372,27.8435001],[-17.9097494,27.8435446],[-17.9096942,27.8435942],[-17.9096823,27.8436248],[-17.9096931,27.8436739],[-17.9097238,27.8436914],[-17.9098175,27.8436925],[-17.9098978,27.8436673],[-17.9099596,27.8436237],[-17.9100014,27.8435131],[-17.9100328,27.8434732],[-17.9101814,27.8433739],[-17.9102458,27.8433126],[-17.9103727,27.8433308],[-17.9103938,27.8433213],[-17.910433,27.8432178],[-17.9105323,27.8430862],[-17.9104581,27.8429951],[-17.9104381,27.842955],[-17.910439,27.842926],[-17.9104564,27.8429009],[-17.9105427,27.8428423],[-17.9106358,27.8427059],[-17.9106885,27.8426515],[-17.9108162,27.8425934],[-17.911043,27.8425303],[-17.9111989,27.8425131],[-17.9114181,27.8425123],[-17.9115212,27.8425436],[-17.9115677,27.8425715],[-17.9115663,27.8426372],[-17.9115353,27.8427383],[-17.9116013,27.8427661],[-17.9116778,27.8427187],[-17.9117107,27.84274],[-17.9117625,27.8427795],[-17.911853,27.8429453],[-17.9118769,27.8429678],[-17.9119336,27.842977],[-17.912001,27.8429367],[-17.912068,27.8429225],[-17.9121262,27.8429304],[-17.9121369,27.8429477],[-17.9121363,27.84305],[-17.9122104,27.8430835],[-17.9123033,27.8432382],[-17.9123134,27.8433589],[-17.9122417,27.8434867],[-17.9122496,27.843508],[-17.9123575,27.8434852],[-17.9123724,27.8435378],[-17.9124148,27.8435565],[-17.9124833,27.8435153],[-17.9125765,27.8434162],[-17.9127449,27.8433417],[-17.9128146,27.8433329],[-17.9128648,27.8433317],[-17.9130038,27.8434153],[-17.9131201,27.8434381],[-17.9131481,27.8435132],[-17.9131503,27.8436434],[-17.9131373,27.8437454],[-17.9131101,27.8438112],[-17.9130879,27.8438369],[-17.9129444,27.8439104],[-17.9128536,27.8439424],[-17.9127247,27.8440274],[-17.9127226,27.8441319],[-17.9128232,27.8442416],[-17.9128343,27.8442744],[-17.9128322,27.8443798],[-17.9127586,27.8444765],[-17.9127471,27.844542],[-17.9127674,27.8446077],[-17.9128213,27.8446342],[-17.9128769,27.8446328],[-17.9129335,27.8446104],[-17.912998,27.8445547],[-17.9130647,27.8444514],[-17.9131189,27.8442986],[-17.9131532,27.8442586],[-17.9132249,27.8443204],[-17.9133104,27.8443295],[-17.9133344,27.8443224],[-17.9133473,27.8443024],[-17.9133524,27.8442566],[-17.9132299,27.8440665],[-17.9132328,27.8440463],[-17.9133442,27.8439674],[-17.9133938,27.8438909],[-17.9134107,27.8438263],[-17.91341,27.8437705],[-17.9133844,27.8436004],[-17.9133812,27.8434819],[-17.9134835,27.8433395],[-17.9135386,27.8433006],[-17.9137388,27.8432715],[-17.9140921,27.8432631],[-17.9143486,27.8433042],[-17.9146085,27.8433829],[-17.914643,27.8434275],[-17.9146768,27.8435185],[-17.9146809,27.8436028],[-17.9145808,27.8438318],[-17.9145817,27.8440206],[-17.9145979,27.844071],[-17.9146376,27.8440671],[-17.9146873,27.84404],[-17.9148613,27.8440334],[-17.914988,27.8440131],[-17.9150327,27.8439822],[-17.9150787,27.8439035],[-17.9151076,27.8438904],[-17.9151799,27.8439008],[-17.9153648,27.8438999],[-17.9156304,27.843948],[-17.9157387,27.8440438],[-17.9157722,27.8441432],[-17.9157358,27.8442034],[-17.9156715,27.8442718],[-17.9156668,27.8444018],[-17.9156924,27.8445225],[-17.9157951,27.8446828],[-17.9157983,27.8448037],[-17.9158249,27.8448762],[-17.915857,27.8449101],[-17.915867,27.8450534],[-17.9159095,27.8450978],[-17.9159862,27.8451079],[-17.9160137,27.8451233],[-17.9160366,27.8451441],[-17.9160499,27.8451946],[-17.9160289,27.8452523],[-17.9159924,27.8452981],[-17.9159498,27.8452583],[-17.9159065,27.8452573],[-17.9158262,27.8453588],[-17.9157734,27.8453659],[-17.9156995,27.8455715],[-17.9156399,27.845546],[-17.9156186,27.8455638],[-17.9155574,27.8457039],[-17.9155581,27.8458153],[-17.9155796,27.8458352],[-17.9156388,27.8458383],[-17.915702,27.8457957],[-17.9157805,27.8456666],[-17.9158142,27.8455358],[-17.9158446,27.8455311],[-17.9159125,27.8456036],[-17.9159322,27.845606],[-17.9159766,27.8455695],[-17.9160004,27.8455202],[-17.9160334,27.8455059],[-17.9160784,27.8455209],[-17.9161052,27.8455595],[-17.9161079,27.8456077],[-17.9160896,27.8456361],[-17.9160101,27.8456387],[-17.9159604,27.8456858],[-17.9159768,27.8457749],[-17.9160351,27.8458333],[-17.9161225,27.8458315],[-17.9162103,27.8457175],[-17.9162873,27.8455458],[-17.9163808,27.8455243],[-17.9164517,27.8454723],[-17.916614,27.8454071],[-17.9167619,27.8453958],[-17.9167752,27.8454038],[-17.9167494,27.8455334],[-17.9168237,27.8455904],[-17.9168276,27.845607],[-17.9167504,27.8457424],[-17.9167084,27.8457929],[-17.9167141,27.8458517],[-17.9167498,27.8458526],[-17.9168116,27.8458277],[-17.9168725,27.8458288],[-17.9169124,27.8458931],[-17.9169127,27.8459306],[-17.9168784,27.8459543],[-17.9168615,27.8460401],[-17.9167142,27.8460864],[-17.9166563,27.8461288],[-17.9166235,27.8461995],[-17.9166188,27.8463125],[-17.916593,27.8463874],[-17.9164001,27.8466172],[-17.9163973,27.8468401],[-17.9164264,27.8468623],[-17.9164569,27.8468636],[-17.9164842,27.8468505],[-17.9165803,27.8467561],[-17.9166276,27.8466854],[-17.9168643,27.8464802],[-17.9170235,27.8463598],[-17.9170481,27.8463211],[-17.9171011,27.8463503],[-17.9171359,27.8463955],[-17.9171347,27.8464319],[-17.9170558,27.8464593],[-17.9168964,27.8465659],[-17.916843,27.846674],[-17.9168414,27.846694],[-17.9168666,27.8466998],[-17.9170139,27.8466006],[-17.9170747,27.8465345],[-17.9170929,27.8465355],[-17.9170983,27.8465498],[-17.9170748,27.8465885],[-17.9169395,27.846725],[-17.9169122,27.8467744],[-17.9169732,27.8469],[-17.9169818,27.8469879],[-17.9169478,27.8470656],[-17.9168745,27.847162],[-17.9168721,27.8472081],[-17.9168305,27.8473209],[-17.9168635,27.8473607],[-17.916902,27.8473558],[-17.9170048,27.8473082],[-17.9170429,27.8472801],[-17.9170624,27.8472377],[-17.9171758,27.8472256],[-17.9173116,27.8471334],[-17.9173378,27.8471229],[-17.9173762,27.8471273],[-17.9173089,27.8471723],[-17.9171869,27.8473091],[-17.9171646,27.8473455],[-17.9171556,27.8473948],[-17.9170345,27.8474797],[-17.9169982,27.8475211],[-17.9169444,27.8476433],[-17.9169436,27.8476962],[-17.9169711,27.8477054],[-17.9170094,27.8476818],[-17.9171588,27.8476729],[-17.9172654,27.8475925],[-17.9172772,27.8475975],[-17.9171957,27.8476882],[-17.9172188,27.8477548],[-17.9171826,27.8478947],[-17.9172138,27.848067],[-17.9172415,27.8481024],[-17.9172638,27.8480869],[-17.9172858,27.8479813],[-17.9174487,27.8477986],[-17.9174935,27.8478101],[-17.9175072,27.8478276],[-17.9175124,27.8478791],[-17.9176152,27.847852],[-17.917652,27.8478224],[-17.9176941,27.8477142],[-17.9177743,27.8476784],[-17.9178442,27.8476184],[-17.9179096,27.8475875],[-17.9179112,27.8476538],[-17.9179314,27.8477015],[-17.9180396,27.8477093],[-17.9181018,27.8477558],[-17.9182089,27.8477637],[-17.9182809,27.8477305],[-17.9183666,27.8477101],[-17.9184328,27.8477099],[-17.9184356,27.8477601],[-17.9183567,27.8478168],[-17.9183534,27.847887],[-17.9183676,27.8479105],[-17.9183996,27.8479244],[-17.9184907,27.8479204],[-17.9185445,27.8478769],[-17.9186766,27.8477264],[-17.9187249,27.8476311],[-17.9187269,27.8474868],[-17.9187673,27.8473824],[-17.9187985,27.8473391],[-17.9188139,27.8472428],[-17.9188348,27.8472405],[-17.9188655,27.8472814],[-17.9188826,27.8472849],[-17.9189549,27.8472187],[-17.9189915,27.847166],[-17.9190887,27.8471492],[-17.9191559,27.847123],[-17.9192154,27.8471686],[-17.9192395,27.8471732],[-17.9192917,27.8471298],[-17.9193312,27.8471388],[-17.9193396,27.8471528],[-17.9193397,27.8471843],[-17.9192937,27.847255],[-17.9192874,27.8472899],[-17.9192984,27.8473403],[-17.91935,27.8474137],[-17.9193949,27.8474461],[-17.9194646,27.847473],[-17.9194175,27.8475329],[-17.9194185,27.8476813],[-17.919445,27.8477503],[-17.9194784,27.8477758],[-17.9195202,27.8477793],[-17.9195923,27.8477438],[-17.9197031,27.8477446],[-17.9198256,27.8477146],[-17.9198235,27.8476061],[-17.9196876,27.8475337],[-17.9197107,27.8474742],[-17.9197595,27.847474],[-17.9198098,27.8475559],[-17.9198599,27.8475871],[-17.9199388,27.8475854],[-17.9200463,27.8475266],[-17.9201155,27.8474104],[-17.9201641,27.8473976],[-17.9201204,27.8475741],[-17.920121,27.8476487],[-17.9201552,27.8477045],[-17.9202913,27.8478009],[-17.9205078,27.8477848],[-17.9205461,27.8478246],[-17.9205661,27.8478957],[-17.920577,27.8479072],[-17.9206229,27.8479117],[-17.9207847,27.8477231],[-17.9208806,27.8477262],[-17.9209241,27.8477506],[-17.9209742,27.8477345],[-17.9211011,27.8477403],[-17.9211159,27.8477306],[-17.9211173,27.8477134],[-17.9210426,27.8475988],[-17.9210421,27.8474837],[-17.9210128,27.8472356],[-17.9210315,27.8472368],[-17.9210816,27.8473351],[-17.9211422,27.8475211],[-17.9212392,27.8477542],[-17.9212906,27.8478336],[-17.9213074,27.8478482],[-17.9213453,27.8478481],[-17.9213918,27.8477916],[-17.921426,27.8477769],[-17.9214662,27.8477013],[-17.9214401,27.8475284],[-17.9214001,27.8474767],[-17.9213481,27.8474695],[-17.9213274,27.8474357],[-17.9213968,27.8473222],[-17.9214419,27.8471709],[-17.9214846,27.8471259],[-17.9215481,27.8471113],[-17.9215904,27.8471364],[-17.9216586,27.8472348],[-17.9217192,27.8473091],[-17.9217642,27.847342],[-17.9218034,27.8474028],[-17.921821,27.8474909],[-17.9218229,27.8475914],[-17.9218467,27.8476405],[-17.9219009,27.8477038],[-17.9218619,27.8477458],[-17.9218628,27.8479026],[-17.9218835,27.8479608],[-17.9219,27.8479651],[-17.9219206,27.8479384],[-17.921959,27.8478502],[-17.9220046,27.8478438],[-17.9220682,27.8478111],[-17.9221104,27.8478066],[-17.9221249,27.8478194],[-17.9220136,27.8479199],[-17.9220021,27.8479446],[-17.9220176,27.8479605],[-17.922129,27.8479422],[-17.9221567,27.8479507],[-17.9221804,27.8480167],[-17.9222087,27.8480393],[-17.9222209,27.8480795],[-17.922172,27.8481647],[-17.92217,27.8482298],[-17.9222315,27.8484333],[-17.922253,27.8484541],[-17.9222911,27.8484588],[-17.9223495,27.8483845],[-17.9223881,27.8482894],[-17.9224399,27.8482471],[-17.9226048,27.8482458],[-17.9226672,27.8482637],[-17.9227253,27.8483349],[-17.9227553,27.8484213],[-17.9227347,27.8484415],[-17.9226817,27.8484616],[-17.9226008,27.8484713],[-17.9225739,27.8484917],[-17.9225538,27.8485565],[-17.9225712,27.8485802],[-17.9226678,27.8486511],[-17.9227401,27.8488318],[-17.9227686,27.8488605],[-17.9228062,27.8488746],[-17.9228436,27.8488722],[-17.9228839,27.8488179],[-17.9229028,27.8488132],[-17.9229529,27.8488301],[-17.9229727,27.848868],[-17.922994,27.8488781],[-17.9230798,27.8488785],[-17.9230963,27.8488137],[-17.9230933,27.8486655],[-17.9231207,27.8486349],[-17.9231712,27.8486076],[-17.9232215,27.8486077],[-17.9232531,27.8486475],[-17.9232679,27.8487071],[-17.9232635,27.8487632],[-17.9232361,27.8488109],[-17.9232404,27.8488891],[-17.9233397,27.8489875],[-17.9233588,27.8490765],[-17.923433,27.8491572],[-17.9234639,27.8491604],[-17.9234795,27.8491464],[-17.9234682,27.8490369],[-17.9234473,27.8489583],[-17.9235169,27.848883],[-17.923484,27.8488399],[-17.9234727,27.8487983],[-17.9234361,27.8485175],[-17.9234004,27.8483533],[-17.9234037,27.8482571],[-17.9234361,27.8481944],[-17.9234575,27.8481516],[-17.9235348,27.8481541],[-17.9235565,27.8481516],[-17.9236026,27.8481944],[-17.9236277,27.8482411],[-17.9236257,27.8482939],[-17.9236722,27.8484123],[-17.9236898,27.8485035],[-17.9236964,27.8485097],[-17.9237742,27.8485822],[-17.9237948,27.8486014],[-17.9237964,27.8487238],[-17.9237117,27.8487925],[-17.9236447,27.8488694],[-17.9236476,27.8488769],[-17.9236668,27.8489267],[-17.9236996,27.8489387],[-17.9237589,27.8488877],[-17.9237754,27.848889],[-17.9238013,27.8489361],[-17.9238031,27.8489861],[-17.9236962,27.8490518],[-17.9236854,27.8490908],[-17.9236865,27.8491353],[-17.923707,27.8491706],[-17.9237403,27.8491945],[-17.9237838,27.8491919],[-17.9238802,27.8490414],[-17.9239237,27.8490174],[-17.9239493,27.8490248],[-17.9239993,27.8491501],[-17.9240157,27.8491597],[-17.9240337,27.8491531],[-17.9240581,27.8491329],[-17.9240931,27.8490156],[-17.9241408,27.8489794],[-17.9242014,27.848956],[-17.9242225,27.8489592],[-17.924271,27.8490237],[-17.9243112,27.8491088],[-17.9243585,27.8491379],[-17.9243974,27.8491406],[-17.9245437,27.8491051],[-17.92473,27.8491026],[-17.9247521,27.849055],[-17.9247316,27.8489816],[-17.9247632,27.8489595],[-17.924775,27.8490056],[-17.9248036,27.8491401],[-17.9248273,27.8491799],[-17.9249034,27.8492484],[-17.9249131,27.8492485],[-17.9250753,27.8492497],[-17.925214,27.8492806],[-17.925254,27.8492762],[-17.9252625,27.8492727],[-17.9253766,27.8492252],[-17.9254008,27.8492038],[-17.9254032,27.8491953],[-17.9254146,27.8491546],[-17.9254617,27.8491296],[-17.9256386,27.8490941],[-17.9257457,27.849131],[-17.9257982,27.8491273],[-17.925866,27.8490558],[-17.9259305,27.8488593],[-17.9259635,27.8488286],[-17.9260301,27.8488303],[-17.9260557,27.8488661],[-17.9259581,27.8489608],[-17.925935,27.8490083],[-17.9261385,27.8490037],[-17.9261803,27.8488077],[-17.9262061,27.8487712],[-17.9262736,27.8487364],[-17.9263176,27.8486474],[-17.926367,27.848254],[-17.9263747,27.8482242],[-17.9264074,27.8482056],[-17.9264267,27.8482061],[-17.9265296,27.8483379],[-17.9266236,27.8483438],[-17.9266441,27.8483614],[-17.9267164,27.8484731],[-17.9266681,27.8485407],[-17.9265651,27.8487345],[-17.9265387,27.8488381],[-17.9265484,27.8490057],[-17.9265716,27.849068],[-17.9265932,27.8490876],[-17.9266433,27.8490787],[-17.926723,27.8489724],[-17.9267556,27.8488767],[-17.9267751,27.8487476],[-17.9268113,27.8486516],[-17.9269948,27.8486364],[-17.9270241,27.8486515],[-17.9270419,27.8487129],[-17.9270093,27.8487802],[-17.9270297,27.8488042],[-17.9271814,27.8488191],[-17.9272495,27.8488848],[-17.9273147,27.8488859],[-17.9273799,27.8489609],[-17.9274061,27.8489642],[-17.9274507,27.8488759],[-17.9274762,27.848859],[-17.927501,27.8488785],[-17.9275867,27.8488754],[-17.9276899,27.8488292],[-17.9277653,27.8488195],[-17.9278047,27.8488283],[-17.927855,27.8488816],[-17.9278688,27.8489898],[-17.9279176,27.8491397],[-17.9279422,27.8491777],[-17.9279777,27.8491807],[-17.927995,27.8491545],[-17.9280281,27.8489438],[-17.9280505,27.848881],[-17.9281906,27.8488294],[-17.928256,27.8488172],[-17.9283666,27.8488844],[-17.9283618,27.8489769],[-17.9284037,27.8490734],[-17.9284278,27.8491062],[-17.928458,27.8491132],[-17.9284824,27.8490981],[-17.9285996,27.8489445],[-17.9286058,27.8488271],[-17.9285729,27.8487328],[-17.9285725,27.8486433],[-17.9285992,27.8486157],[-17.92883,27.8485592],[-17.928873,27.8485698],[-17.9289109,27.8486244],[-17.9288375,27.8487827],[-17.9288358,27.8488816],[-17.9288875,27.8489073],[-17.9290895,27.8489452],[-17.9291251,27.8489457],[-17.9291891,27.8488929],[-17.9292043,27.8488941],[-17.9292725,27.8490253],[-17.9293302,27.8490304],[-17.9293939,27.8489936],[-17.9294772,27.848881],[-17.9295038,27.8488097],[-17.9295024,27.8487315],[-17.9294712,27.8486653],[-17.9295204,27.8486331],[-17.9296272,27.8486213],[-17.9296905,27.8485712],[-17.9297269,27.8485101],[-17.92975,27.8484939],[-17.9297786,27.8484907],[-17.9298442,27.848508],[-17.9299034,27.8484998],[-17.9299561,27.8484421],[-17.9300007,27.8483583],[-17.9300971,27.8482624],[-17.9301107,27.8482303],[-17.9301158,27.8481965],[-17.9301023,27.8481704],[-17.9299551,27.8480717],[-17.9298459,27.8479625],[-17.9298368,27.8479391],[-17.9299492,27.8477301],[-17.9300004,27.847542],[-17.9300115,27.8473495],[-17.929965,27.8472704],[-17.9299682,27.8472491],[-17.9300428,27.847168],[-17.9300912,27.8470708],[-17.9301208,27.8470677],[-17.9301536,27.847086],[-17.9302262,27.8471739],[-17.9302686,27.8471704],[-17.9303052,27.8471439],[-17.9303257,27.8471514],[-17.9303843,27.8472279],[-17.9304149,27.8473273],[-17.9304357,27.8473562],[-17.9304885,27.8473897],[-17.9305837,27.8473926],[-17.9306806,27.8474354],[-17.9307233,27.847392],[-17.9308063,27.8473577],[-17.9309241,27.847429],[-17.9312982,27.8474478],[-17.9313139,27.8474655],[-17.9313109,27.8475031],[-17.931251,27.8475989],[-17.9312509,27.8476506],[-17.9312581,27.8476821],[-17.931325,27.8477478],[-17.9313394,27.8478198],[-17.9313888,27.8479257],[-17.9314148,27.8479423],[-17.9314354,27.8479394],[-17.9314563,27.8479013],[-17.9314758,27.8478973],[-17.9315111,27.8479726],[-17.9315377,27.8479765],[-17.9315635,27.8479411],[-17.9316193,27.8479861],[-17.9316458,27.8479892],[-17.9316691,27.8480252],[-17.9317166,27.8480389],[-17.9317301,27.8480302],[-17.9317488,27.8479684],[-17.9318345,27.8479106],[-17.9318639,27.8479003],[-17.9319157,27.8479055],[-17.9319184,27.8479148],[-17.9318718,27.8479521],[-17.9318457,27.848028],[-17.9318494,27.8480639],[-17.9319069,27.8481503],[-17.9319307,27.8481697],[-17.9319544,27.848167],[-17.9319674,27.8481481],[-17.9319713,27.8480279],[-17.93201,27.8479685],[-17.9321434,27.8481085],[-17.932283,27.8482982],[-17.9323067,27.8483155],[-17.9323745,27.8483213],[-17.9323959,27.8483391],[-17.9325554,27.8484841],[-17.9325609,27.8485278],[-17.9325862,27.8485523],[-17.9326822,27.8485521],[-17.9327216,27.8485373],[-17.9327789,27.8485345],[-17.932977,27.8484595],[-17.933123,27.8484463],[-17.9331574,27.8484809],[-17.9331628,27.8485181],[-17.9331023,27.848607],[-17.933131,27.8486333],[-17.9332046,27.8486441],[-17.9332405,27.8486286],[-17.9332544,27.8486006],[-17.933285,27.8486197],[-17.9333254,27.8486128],[-17.9333938,27.8485543],[-17.9334837,27.8484159],[-17.9335161,27.8483907],[-17.9335397,27.848392],[-17.9335623,27.8484377],[-17.9335351,27.8485556],[-17.9335998,27.8486586],[-17.9335846,27.848666],[-17.9335428,27.8486509],[-17.9335214,27.8486599],[-17.9335105,27.8486848],[-17.933512,27.8487461],[-17.933544,27.8488006],[-17.933574,27.8488116],[-17.9336381,27.8488101],[-17.933713,27.8487912],[-17.9337414,27.8487597],[-17.9337784,27.8486707],[-17.9338012,27.8486551],[-17.93382,27.8486626],[-17.9338585,27.8487229],[-17.9339354,27.8487282],[-17.9340742,27.8486135],[-17.9341169,27.8485329],[-17.9341232,27.8484219],[-17.9341491,27.8483328],[-17.9341474,27.8482994],[-17.9340768,27.8481609],[-17.9340694,27.8481231],[-17.9340785,27.8480913],[-17.9341066,27.8480695],[-17.9342637,27.8480667],[-17.9345438,27.8481019],[-17.9346219,27.8481424],[-17.9346757,27.8481993],[-17.9346883,27.848325],[-17.9346636,27.8483948],[-17.9346098,27.8484474],[-17.9344915,27.8484994],[-17.934444,27.8485694],[-17.9344423,27.8486088],[-17.9344791,27.8487138],[-17.9345335,27.8488086],[-17.9345654,27.848843],[-17.9345997,27.8488537],[-17.9346456,27.8488411],[-17.93467,27.8488121],[-17.9346687,27.8487736],[-17.9345808,27.8485918],[-17.9345814,27.8485528],[-17.9346533,27.8485443],[-17.9346899,27.8484974],[-17.9347157,27.8484843],[-17.9347408,27.8484961],[-17.9348175,27.8485781],[-17.9348513,27.8485945],[-17.9349772,27.8485913],[-17.935008,27.848569],[-17.9350335,27.8485177],[-17.935012,27.8483057],[-17.9350324,27.8482774],[-17.935065,27.8482642],[-17.9351267,27.848273],[-17.935208,27.8483284],[-17.9352385,27.8483331],[-17.9352737,27.8483322],[-17.9353366,27.8482904],[-17.9353569,27.8482555],[-17.9353614,27.8481975],[-17.9353435,27.8480953],[-17.9353477,27.8480071],[-17.9353693,27.8479754],[-17.9354404,27.8479337],[-17.9355134,27.8479218],[-17.9355284,27.8479447],[-17.9355492,27.8481161],[-17.9355813,27.8481696],[-17.9357336,27.8482713],[-17.9357859,27.8483929],[-17.9358118,27.8484191],[-17.9358407,27.8484264],[-17.9358646,27.8484173],[-17.9358922,27.8483698],[-17.935953,27.8483334],[-17.9359838,27.8483],[-17.9360003,27.8482695],[-17.9360088,27.8481957],[-17.9359768,27.8481219],[-17.9358071,27.8479821],[-17.9357676,27.8479219],[-17.9357345,27.8478233],[-17.9357336,27.8477862],[-17.9357492,27.8476998],[-17.9357909,27.8476137],[-17.9358436,27.8475464],[-17.935918,27.8475079],[-17.936022,27.8474999],[-17.9360919,27.8475098],[-17.9361149,27.8475239],[-17.9362486,27.8476665],[-17.9363518,27.8478811],[-17.9364121,27.847948],[-17.9364471,27.8479534],[-17.9365418,27.8478893],[-17.9365838,27.8478739],[-17.9366383,27.847871],[-17.9366686,27.847895],[-17.9366842,27.8479329],[-17.9367176,27.8481147],[-17.9367374,27.8481439],[-17.9369231,27.8482575],[-17.9369777,27.8482654],[-17.9370266,27.8482535],[-17.9370524,27.8482176],[-17.9370626,27.8480749],[-17.9370959,27.8479154],[-17.9370912,27.8478355],[-17.9370636,27.8477885],[-17.9370076,27.8477596],[-17.9368767,27.8477705],[-17.9368501,27.8477785],[-17.9368043,27.8478194],[-17.9367706,27.8478246],[-17.936674,27.8477972],[-17.9365133,27.8478062],[-17.9364488,27.8477736],[-17.9364321,27.8477391],[-17.9364284,27.8476604],[-17.9364863,27.8474759],[-17.9364702,27.8473531],[-17.9364776,27.8472433],[-17.9366226,27.8470649],[-17.9367073,27.8470102],[-17.9368375,27.8469708],[-17.9369822,27.8468955],[-17.9370126,27.8468953],[-17.9370473,27.8469143],[-17.9370739,27.8469683],[-17.9371178,27.847],[-17.9371439,27.8469967],[-17.9371636,27.8469736],[-17.9371893,27.8469106],[-17.9372437,27.8469039],[-17.9373082,27.8469143],[-17.9373624,27.8468921],[-17.9373547,27.8468623],[-17.9373278,27.8468468],[-17.9372286,27.8468302],[-17.9371959,27.8468146],[-17.9371742,27.8467912],[-17.9371763,27.8467639],[-17.9372719,27.8466606],[-17.9373472,27.8465371],[-17.9374247,27.8462975],[-17.9374685,27.8462492],[-17.9375024,27.8462376],[-17.9375738,27.8462364],[-17.9376176,27.8462672],[-17.9376327,27.8463452],[-17.9376621,27.8463795],[-17.9377488,27.8463909],[-17.9378289,27.8463608],[-17.9378484,27.8463335],[-17.9378612,27.8462757],[-17.9378196,27.8461799],[-17.9378208,27.8460944],[-17.9378049,27.8460758],[-17.9377273,27.846069],[-17.9377074,27.8460465],[-17.9377039,27.8460187],[-17.9377183,27.845992],[-17.9377951,27.8459251],[-17.9379135,27.8459369],[-17.9379433,27.8458878],[-17.9379226,27.8458118],[-17.9379739,27.8457493],[-17.9381007,27.8456975],[-17.9382144,27.8456862],[-17.9382523,27.8456972],[-17.9382824,27.8457517],[-17.938266,27.8458435],[-17.9382697,27.8459179],[-17.9384304,27.8459585],[-17.9384737,27.8459791],[-17.9385321,27.8460586],[-17.9386001,27.8460995],[-17.9386784,27.8460886],[-17.9387023,27.846064],[-17.9387469,27.8459363],[-17.9388153,27.8458914],[-17.9389366,27.8458926],[-17.9389985,27.8459197],[-17.9390467,27.8459631],[-17.9390891,27.8460387],[-17.9391119,27.8460572],[-17.9391374,27.8460529],[-17.9391475,27.8460271],[-17.9391368,27.8457883],[-17.9391658,27.8457684],[-17.9392541,27.8457754],[-17.9393375,27.8458576],[-17.9394174,27.8459792],[-17.9394303,27.8460618],[-17.9395092,27.8461811],[-17.9395087,27.8462607],[-17.9394702,27.8463472],[-17.9394691,27.8463887],[-17.9395008,27.8464394],[-17.9396152,27.8465113],[-17.9396161,27.8465227],[-17.9395676,27.8465634],[-17.9395766,27.8466216],[-17.9396228,27.8466711],[-17.9396936,27.8466964],[-17.9397547,27.8466644],[-17.9399602,27.8466699],[-17.9400166,27.8466428],[-17.9400255,27.8465984],[-17.9400155,27.8465826],[-17.939966,27.8465607],[-17.939918,27.8464851],[-17.9398293,27.8464353],[-17.9398153,27.8464034],[-17.9398261,27.8463897],[-17.9398947,27.8463666],[-17.9399061,27.8463504],[-17.9399032,27.8461893],[-17.9397781,27.8460167],[-17.9397146,27.8459011],[-17.9397116,27.8458716],[-17.939734,27.8458359],[-17.9397902,27.8458335],[-17.9399201,27.8458605],[-17.9399918,27.8458617],[-17.940188,27.8458121],[-17.9403288,27.845844],[-17.9403575,27.8458366],[-17.9404237,27.8457828],[-17.9404926,27.8458159],[-17.9406284,27.8458279],[-17.9406669,27.8457882],[-17.9406873,27.8457239],[-17.9407021,27.8457165],[-17.9407713,27.8457284],[-17.9407966,27.8457199],[-17.9408517,27.8456779],[-17.9409283,27.8455778],[-17.9409932,27.8455614],[-17.9410406,27.8455976],[-17.9411299,27.8457432],[-17.9411447,27.8457537],[-17.9411926,27.8457537],[-17.9412243,27.8457741],[-17.9412261,27.8458618],[-17.9412777,27.8458814],[-17.941263,27.8459335],[-17.9412758,27.845955],[-17.9412982,27.8459639],[-17.9414625,27.845924],[-17.941514,27.8458529],[-17.9416435,27.8457946],[-17.9416911,27.8457315],[-17.9416986,27.8456581],[-17.9416834,27.8456303],[-17.9416227,27.8456078],[-17.9416011,27.8455782],[-17.9416767,27.8455409],[-17.941752,27.8454556],[-17.9417869,27.8453743],[-17.9418068,27.8452043],[-17.9418892,27.8451407],[-17.9419535,27.8451273],[-17.9420671,27.8451745],[-17.9421911,27.845191],[-17.9422959,27.8452507],[-17.9423562,27.8452494],[-17.9424312,27.8451712],[-17.9424392,27.8451078],[-17.942333,27.845061],[-17.9422644,27.8450127],[-17.9422483,27.8449791],[-17.9422655,27.8449572],[-17.942417,27.8450019],[-17.9424425,27.8449978],[-17.9424669,27.8449554],[-17.9424883,27.844949],[-17.9425203,27.8449701],[-17.9425481,27.8449699],[-17.9425699,27.8449543],[-17.9425807,27.844862],[-17.9426068,27.8448486],[-17.9426482,27.8448566],[-17.9427053,27.8449081],[-17.942737,27.8449099],[-17.9427571,27.8448897],[-17.942755,27.8448639],[-17.9427027,27.8448094],[-17.9426074,27.8447377],[-17.9425487,27.8447593],[-17.9425081,27.8447492],[-17.942487,27.8446811],[-17.942395,27.8445812],[-17.942394,27.8445223],[-17.9424837,27.8444297],[-17.9425378,27.8444228],[-17.9425955,27.8444504],[-17.9426784,27.8445662],[-17.9428297,27.8447158],[-17.9428624,27.8447297],[-17.9429056,27.8447284],[-17.9429667,27.8446582],[-17.9430724,27.84463],[-17.9431555,27.8445684],[-17.9431828,27.8445],[-17.9431743,27.8444335],[-17.9431262,27.8443996],[-17.9430774,27.8443973],[-17.9430511,27.8443833],[-17.9430242,27.8443377],[-17.9430805,27.8442503],[-17.9431256,27.8440737],[-17.9431192,27.8440474],[-17.9430344,27.8440362],[-17.9429962,27.8440024],[-17.9429959,27.8439743],[-17.9430377,27.84392],[-17.9431338,27.8438404],[-17.9432678,27.843768],[-17.9433303,27.8437098],[-17.9433744,27.8436488],[-17.9434494,27.8435934],[-17.943518,27.8435732],[-17.9435507,27.8435744],[-17.9435986,27.8436042],[-17.943748,27.8438452],[-17.9437718,27.8438677],[-17.9438006,27.8438704],[-17.9438334,27.8438483],[-17.9438408,27.8438266],[-17.9437991,27.8437644],[-17.9437966,27.843741],[-17.9438935,27.8436409],[-17.9438973,27.8436103],[-17.9438899,27.8435806],[-17.9437848,27.8434477],[-17.9437868,27.8433988],[-17.9438548,27.8433605],[-17.9439242,27.8433467],[-17.9439774,27.8432982],[-17.9440063,27.8432917],[-17.9440509,27.8433337],[-17.9440827,27.8433415],[-17.9441375,27.8433338],[-17.9441592,27.8433485],[-17.9441845,27.8434018],[-17.9442542,27.8434606],[-17.9443038,27.843475],[-17.9443695,27.8434812],[-17.9443756,27.8434738],[-17.944353,27.8434069],[-17.9442036,27.8432869],[-17.9441485,27.8432126],[-17.9441878,27.8431867],[-17.9442479,27.8430862],[-17.9442559,27.8430192],[-17.9442869,27.8429507],[-17.9442589,27.8428333],[-17.9442642,27.8427953],[-17.944291,27.8427848],[-17.9443466,27.8428143],[-17.9443854,27.8428176],[-17.9444083,27.8428032],[-17.9444072,27.842782],[-17.9443448,27.8426953],[-17.9443454,27.8426188],[-17.9443802,27.8425854],[-17.9444931,27.8425365],[-17.9445674,27.8424515],[-17.9446014,27.8424334],[-17.94462,27.8424442],[-17.9446436,27.8424887],[-17.9447516,27.842536],[-17.9447894,27.8425471],[-17.9448198,27.8425353],[-17.9448361,27.8425027],[-17.9447965,27.8424432],[-17.9447434,27.8424019],[-17.9447288,27.8423743],[-17.9447346,27.8422667],[-17.9447249,27.8422298],[-17.9445921,27.8420444],[-17.9446001,27.8419969],[-17.9446662,27.8419646],[-17.9447423,27.8419552],[-17.9448039,27.8420297],[-17.9448887,27.8421054],[-17.9450162,27.8423145],[-17.9451225,27.8424109],[-17.9451924,27.8424939],[-17.9452303,27.8425178],[-17.9452798,27.8424861],[-17.9452917,27.8424439],[-17.945275,27.8423592],[-17.9452372,27.8422909],[-17.9452219,27.8422055],[-17.9452579,27.8421533],[-17.9453464,27.8421093],[-17.9453875,27.8420351],[-17.9454011,27.8419687],[-17.9453732,27.8419583],[-17.9453,27.8419629],[-17.9452734,27.8418871],[-17.9452665,27.8418221],[-17.9452254,27.8417932],[-17.9450951,27.841829],[-17.9450741,27.8418282],[-17.9450658,27.841809],[-17.9451195,27.8417545],[-17.9450936,27.8417088],[-17.9451178,27.841638],[-17.9451054,27.8415905],[-17.9451741,27.8414861],[-17.9452136,27.8414003],[-17.9452467,27.841365],[-17.9452955,27.8413767],[-17.9453195,27.8413683],[-17.9453301,27.8413448],[-17.945321,27.8412971],[-17.9452956,27.8412755],[-17.9452753,27.8412675],[-17.9452092,27.8412821],[-17.9451506,27.8412771],[-17.9451254,27.8412627],[-17.9450995,27.8412212],[-17.9451122,27.8411292],[-17.9452375,27.8409798],[-17.9456486,27.8407182],[-17.9456871,27.8406421],[-17.9457624,27.8405897],[-17.9457888,27.8405117],[-17.9458274,27.8404609],[-17.9459374,27.8403957],[-17.9461061,27.8403467],[-17.9462756,27.8403435],[-17.9463717,27.8403807],[-17.946445,27.8403878],[-17.9464674,27.8404174],[-17.9464861,27.8404184],[-17.9465431,27.8403558],[-17.9465597,27.8403375],[-17.946571,27.8403377],[-17.9465762,27.8403757],[-17.946564,27.8404107],[-17.9465145,27.8404888],[-17.9465008,27.8405342],[-17.9464784,27.8405466],[-17.9464025,27.8405501],[-17.9463734,27.8405774],[-17.9463756,27.8406241],[-17.9464032,27.8406576],[-17.946451,27.8406533],[-17.9465364,27.8406103],[-17.9465594,27.84061],[-17.9465813,27.8406256],[-17.9465793,27.8406582],[-17.9465541,27.8406826],[-17.9464804,27.8408197],[-17.9464754,27.8408732],[-17.9464881,27.8408933],[-17.9465135,27.8409016],[-17.946572,27.8408931],[-17.9466137,27.8408492],[-17.9466342,27.840844],[-17.9466855,27.8408567],[-17.9467473,27.8408958],[-17.9467847,27.8409056],[-17.9468991,27.8408956],[-17.9469461,27.840869],[-17.9469786,27.8408164],[-17.9470531,27.8407513],[-17.9470749,27.8407919],[-17.9470757,27.8408293],[-17.9471416,27.8408455],[-17.9472481,27.8408072],[-17.9472669,27.840783],[-17.947335,27.8407893],[-17.9473824,27.8407534],[-17.9473939,27.8407003],[-17.9473726,27.8406802],[-17.9473021,27.840651],[-17.9472653,27.8405141],[-17.9472319,27.8404708],[-17.9471467,27.8404582],[-17.947105,27.8403595],[-17.9471434,27.8403184],[-17.9472052,27.8403131],[-17.9472576,27.8403435],[-17.9472974,27.8403419],[-17.9473171,27.8403245],[-17.9473295,27.8402934],[-17.947398,27.8402981],[-17.9474332,27.8403703],[-17.9474681,27.8404418],[-17.9474601,27.8405063],[-17.9474772,27.8405502],[-17.9476415,27.840669],[-17.9476937,27.8406765],[-17.9477424,27.8406441],[-17.9477688,27.8405914],[-17.9477682,27.8405368],[-17.9477211,27.8404188],[-17.9477349,27.8403953],[-17.9477576,27.8403857],[-17.9478236,27.840385],[-17.9478966,27.8404034],[-17.9479424,27.8404342],[-17.9480246,27.8404406],[-17.948045,27.8404536],[-17.9480621,27.8404994],[-17.9480508,27.8405845],[-17.9480605,27.8406128],[-17.9481065,27.8406576],[-17.9481401,27.8406681],[-17.9481866,27.8406672],[-17.9482203,27.8406536],[-17.9482655,27.8406131],[-17.9482757,27.8405117],[-17.948293,27.8404905],[-17.9483668,27.8405303],[-17.9485126,27.840563],[-17.9485644,27.8405875],[-17.9485947,27.8406259],[-17.9485789,27.8407424],[-17.9485907,27.8407631],[-17.9486133,27.8407679],[-17.948666,27.8407449],[-17.9486838,27.8407232],[-17.9487002,27.8406662],[-17.9487322,27.8406222],[-17.9490775,27.8406026],[-17.9493097,27.8405387],[-17.9494979,27.8405053],[-17.9495999,27.8405147],[-17.9497356,27.8405578],[-17.9498698,27.8405188],[-17.9502124,27.8405057],[-17.9503229,27.8405307],[-17.9504666,27.8405888],[-17.9505846,27.8405808],[-17.9507551,27.8406616],[-17.950878,27.8407594],[-17.9510294,27.8409392],[-17.9510488,27.8410461],[-17.9510879,27.8410763],[-17.9511514,27.8410593],[-17.9512162,27.841062],[-17.9512762,27.84101],[-17.9515641,27.8409311],[-17.9516288,27.8409341],[-17.9516521,27.8409498],[-17.9516763,27.8410255],[-17.9517424,27.8410768],[-17.9517273,27.8412314],[-17.9517447,27.8412929],[-17.9517876,27.841325],[-17.9518154,27.8413229],[-17.9518346,27.8413091],[-17.9519409,27.8410713],[-17.9520762,27.8410219],[-17.9521754,27.8409664],[-17.9522615,27.8409662],[-17.9523072,27.8410168],[-17.952291,27.8410905],[-17.9523291,27.8411856],[-17.952327,27.8412648],[-17.9523465,27.841282],[-17.9524029,27.8412913],[-17.9524264,27.8412774],[-17.9524729,27.8412088],[-17.9525681,27.8412037],[-17.95259,27.8411887],[-17.9526224,27.8411238],[-17.9526416,27.8411177],[-17.9526564,27.8411288],[-17.9526613,27.8411727],[-17.9526864,27.8412093],[-17.9526883,27.841259],[-17.9527256,27.8413393],[-17.9527732,27.8414248],[-17.9528124,27.8414442],[-17.9528498,27.8414249],[-17.9528452,27.8413479],[-17.9528646,27.8412954],[-17.9529438,27.8412],[-17.9529685,27.8411491],[-17.9530766,27.8410492],[-17.9531376,27.8410151],[-17.9531807,27.8410036],[-17.9533301,27.8410059],[-17.9533575,27.8410364],[-17.9533707,27.8411457],[-17.9534242,27.841176],[-17.953433,27.8412075],[-17.9534461,27.8412194],[-17.9534896,27.8412209],[-17.9535371,27.841205],[-17.9535645,27.8411582],[-17.9535625,27.8410038],[-17.953498,27.8409025],[-17.953499,27.8408572],[-17.9535146,27.8408414],[-17.9535646,27.8408315],[-17.9536591,27.8408276],[-17.9537702,27.8408786],[-17.9538488,27.8409424],[-17.9539368,27.8410383],[-17.9540603,27.8411195],[-17.9540838,27.841175],[-17.9540864,27.841251],[-17.954115,27.8412886],[-17.9541656,27.8412981],[-17.9542617,27.8412721],[-17.9543103,27.8412936],[-17.9543127,27.8413345],[-17.9542774,27.8413991],[-17.9543448,27.8414437],[-17.9544254,27.8415382],[-17.9545164,27.8415583],[-17.9545587,27.8416452],[-17.9546323,27.8416768],[-17.9547581,27.8416816],[-17.9548249,27.8417317],[-17.9548913,27.8417172],[-17.9549714,27.8417634],[-17.9550051,27.8418071],[-17.9550399,27.8419446],[-17.9550848,27.8420578],[-17.9551078,27.8420641],[-17.9551301,27.8420516],[-17.955143,27.841994],[-17.9551701,27.8419537],[-17.9552413,27.8419305],[-17.9552941,27.8418868],[-17.9553402,27.8418731],[-17.955429,27.8418133],[-17.9554967,27.8417945],[-17.95556,27.8418059],[-17.9556229,27.8418581],[-17.955639,27.841955],[-17.9556342,27.8420496],[-17.9556412,27.842075],[-17.9556608,27.8420852],[-17.9556852,27.8420793],[-17.9557522,27.8420191],[-17.9557867,27.841924],[-17.9557791,27.841871],[-17.9557343,27.8417829],[-17.9557457,27.8417288],[-17.9559267,27.8415046],[-17.9559639,27.8413604],[-17.956021,27.8412992],[-17.9560905,27.8411917],[-17.9562235,27.8411044],[-17.9562562,27.8411139],[-17.9562696,27.8411359],[-17.9562633,27.841196],[-17.956273,27.841226],[-17.9563092,27.8412401],[-17.9563543,27.8412404],[-17.9564467,27.8412136],[-17.9566949,27.8410969],[-17.9567467,27.8410866],[-17.9570547,27.8410816],[-17.9572249,27.84111],[-17.9573436,27.8411548],[-17.9574673,27.8412353],[-17.9575492,27.8413514],[-17.9576015,27.8415437],[-17.9576022,27.8417468],[-17.9576166,27.8417894],[-17.9576469,27.8417975],[-17.9576781,27.8417834],[-17.9577056,27.841719],[-17.9577091,27.841651],[-17.9577242,27.8416262],[-17.9577654,27.8416231],[-17.9578128,27.8416596],[-17.9578161,27.8418058],[-17.9578274,27.8418424],[-17.9578625,27.8418812],[-17.9578968,27.8418847],[-17.9579268,27.8418672],[-17.9579459,27.8418386],[-17.957997,27.8415824],[-17.9580152,27.8415654],[-17.9581004,27.8415407],[-17.9581183,27.8415234],[-17.9582083,27.8414992],[-17.9582253,27.8414754],[-17.9582275,27.8414454],[-17.9581789,27.8412751],[-17.9581957,27.8412119],[-17.9582363,27.8411551],[-17.9582996,27.8411226],[-17.9586167,27.8411096],[-17.9586952,27.8410831],[-17.9587243,27.8410598],[-17.9587235,27.8409382],[-17.9587417,27.8409102],[-17.9590162,27.8406982],[-17.9590621,27.8405708],[-17.9591507,27.8405044],[-17.9591764,27.8404526],[-17.959199,27.8404416],[-17.9592246,27.8404466],[-17.9592998,27.8404868],[-17.9593265,27.8404841],[-17.9593509,27.8404662],[-17.9593609,27.8404033],[-17.9592874,27.8403377],[-17.9592861,27.8402899],[-17.9593067,27.8402526],[-17.9594821,27.8400968],[-17.9595263,27.8400471],[-17.9595383,27.8400121],[-17.9595025,27.8399759],[-17.9594133,27.8399438],[-17.9593758,27.8398874],[-17.959372,27.8398065],[-17.9594094,27.8396918],[-17.9594542,27.839616],[-17.9599009,27.8390645],[-17.9600482,27.8389192],[-17.960179,27.8388319],[-17.9602531,27.8388222],[-17.9602848,27.8388819],[-17.9603814,27.8389421],[-17.9603861,27.8389836],[-17.9603682,27.8390518],[-17.9604,27.8390996],[-17.9604812,27.8391608],[-17.9604654,27.8392335],[-17.9604763,27.8392556],[-17.9605048,27.8392609],[-17.9605275,27.8392513],[-17.9605863,27.8391811],[-17.9606817,27.8391736],[-17.9607674,27.8391236],[-17.960803,27.8391135],[-17.9608393,27.8391192],[-17.9609125,27.8391521],[-17.9610004,27.8391615],[-17.9610435,27.83915],[-17.961298,27.8390235],[-17.9613694,27.839008],[-17.9614063,27.8390137],[-17.9614384,27.8390611],[-17.9614403,27.8391727],[-17.9614007,27.8393054],[-17.9614097,27.8393464],[-17.9614321,27.8393749],[-17.9614579,27.8393712],[-17.9616407,27.8389059],[-17.9616718,27.8388772],[-17.9617022,27.8388695],[-17.9617272,27.8388838],[-17.9617319,27.8389095],[-17.9617093,27.8389687],[-17.9617159,27.8390327],[-17.9618047,27.8391062],[-17.9618147,27.8391316],[-17.9618063,27.8391915],[-17.9618496,27.8392344],[-17.9618821,27.8392258],[-17.9619941,27.8391559],[-17.9620559,27.8391808],[-17.9621196,27.8392261],[-17.9621756,27.8392327],[-17.9622104,27.8392162],[-17.962229,27.8391877],[-17.96223,27.83904],[-17.9622406,27.8390064],[-17.9622904,27.8389626],[-17.9623779,27.8389322],[-17.9625159,27.8389259],[-17.9625594,27.8389338],[-17.9626194,27.8389727],[-17.9626884,27.8390429],[-17.962724,27.8390438],[-17.9627979,27.8389976],[-17.9629101,27.8389568],[-17.9629441,27.8389609],[-17.9629552,27.8389789],[-17.9629087,27.8390314],[-17.9628903,27.8391016],[-17.9628435,27.8391399],[-17.9628347,27.8391694],[-17.9628461,27.8391985],[-17.9629361,27.8392784],[-17.9630329,27.8393883],[-17.9630576,27.8393937],[-17.9631279,27.8393645],[-17.9631568,27.8393694],[-17.9631797,27.8393588],[-17.9631993,27.8393035],[-17.9631867,27.8392375],[-17.9631935,27.8391767],[-17.9632075,27.8391621],[-17.963234,27.8391623],[-17.9632842,27.8391797],[-17.9633148,27.839169],[-17.9633318,27.839142],[-17.9633516,27.8389871],[-17.9633184,27.838893],[-17.9633144,27.8387364],[-17.9633242,27.8386778],[-17.963385,27.838645],[-17.9633987,27.8385951],[-17.9633555,27.8385441],[-17.9633497,27.8385149],[-17.9634032,27.838383],[-17.9633689,27.8382349],[-17.9633773,27.8382054],[-17.9634821,27.8380881],[-17.9634992,27.8380539],[-17.9635285,27.8378661],[-17.9635339,27.837742],[-17.9635659,27.8376691],[-17.9635501,27.8375634],[-17.9634385,27.8374486],[-17.9634332,27.8373991],[-17.9634796,27.8373733],[-17.9635108,27.8373004],[-17.9636146,27.837208],[-17.9636345,27.8371828],[-17.9636409,27.8371465],[-17.9636231,27.8371356],[-17.9635235,27.8371626],[-17.9634757,27.8371366],[-17.9634823,27.8371206],[-17.9635468,27.8370967],[-17.9635672,27.8370782],[-17.9635707,27.8370556],[-17.9635525,27.8370379],[-17.9635247,27.837034],[-17.9634175,27.8370476],[-17.9633355,27.8369547],[-17.9632481,27.8369137],[-17.9632182,27.8368737],[-17.9632113,27.8367544],[-17.9632409,27.8366816],[-17.9634025,27.8365901],[-17.9634542,27.8365326],[-17.9634558,27.8364672],[-17.9634424,27.8364359],[-17.9633206,27.8363371],[-17.9633101,27.8362651],[-17.9633182,27.8362198],[-17.9633622,27.8361537],[-17.9634912,27.8360169],[-17.9635306,27.8358502],[-17.9635594,27.8357849],[-17.9638527,27.8355178],[-17.9638968,27.8354541],[-17.963927,27.8354342],[-17.9639761,27.8354231],[-17.9642807,27.8354237],[-17.9643095,27.8354391],[-17.9644359,27.8355789],[-17.9645761,27.8356943],[-17.964617,27.8357095],[-17.9647272,27.8356819],[-17.9648692,27.8357587],[-17.9649055,27.8357599],[-17.9649406,27.8357442],[-17.9649657,27.8357167],[-17.9649614,27.835624],[-17.9649765,27.8356025],[-17.9650865,27.8355981],[-17.9651112,27.8356135],[-17.9651429,27.8357504],[-17.9651678,27.8357732],[-17.9652047,27.8357765],[-17.9652454,27.8357639],[-17.965278,27.8357377],[-17.9653601,27.8356472],[-17.9653945,27.835629],[-17.9655223,27.8356124],[-17.9655515,27.8355853],[-17.9655721,27.8354736],[-17.9655497,27.8353938],[-17.9654824,27.8353192],[-17.9654309,27.8352393],[-17.965423,27.8351844],[-17.9653895,27.8351207],[-17.9652833,27.8350093],[-17.9652128,27.8349531],[-17.9650685,27.8348661],[-17.9650338,27.8348144],[-17.9650137,27.8347557],[-17.9650315,27.8347043],[-17.9651336,27.8345644],[-17.9653784,27.8341421],[-17.9654398,27.8340633],[-17.9655064,27.8340166],[-17.9656121,27.8339892],[-17.965723,27.8339917],[-17.9657892,27.8340163],[-17.9658648,27.8340732],[-17.9659016,27.8341672],[-17.965913,27.8342614],[-17.9659336,27.8342877],[-17.9659638,27.8343056],[-17.9660422,27.834315],[-17.9661031,27.8343466],[-17.966241,27.8345286],[-17.9662977,27.8345476],[-17.966382,27.8345124],[-17.9664696,27.834523],[-17.9664965,27.8345043],[-17.9665088,27.8344544],[-17.9664847,27.8344033],[-17.9664353,27.8343493],[-17.9662091,27.8341649],[-17.9660851,27.8340251],[-17.9660461,27.8339286],[-17.9660472,27.8339021],[-17.9660942,27.8338423],[-17.966202,27.8337861],[-17.9662533,27.8337194],[-17.9662766,27.8337126],[-17.9663377,27.8337387],[-17.9663704,27.8337393],[-17.9664177,27.8336887],[-17.9664315,27.8336539],[-17.9664306,27.8335147],[-17.9663589,27.8331528],[-17.9663797,27.8331165],[-17.9664189,27.8331027],[-17.9664808,27.8331206],[-17.9665007,27.8331069],[-17.9665038,27.8330178],[-17.9665156,27.8329904],[-17.9666456,27.8329084],[-17.9667044,27.8328878],[-17.9667937,27.8327846],[-17.9668439,27.832763],[-17.967004,27.832755],[-17.9670568,27.8327297],[-17.9671546,27.8326548],[-17.9672187,27.8325538],[-17.9672351,27.8324609],[-17.9673433,27.8322413],[-17.9674415,27.8320923],[-17.9675528,27.8319816],[-17.9678489,27.8317809],[-17.9678818,27.8317664],[-17.9679144,27.8317676],[-17.9679465,27.8317844],[-17.9680923,27.8319341],[-17.968133,27.8319571],[-17.9681683,27.8319599],[-17.9682345,27.8318781],[-17.9682645,27.8318662],[-17.9683348,27.8318655],[-17.9684056,27.8318925],[-17.9684411,27.8318947],[-17.9684657,27.8318825],[-17.9684823,27.8318565],[-17.9684554,27.8317539],[-17.9685231,27.8317023],[-17.968606,27.8316674],[-17.9686409,27.8316808],[-17.9686796,27.8317772],[-17.9687108,27.8318049],[-17.9687494,27.8318071],[-17.9687848,27.8317779],[-17.9688082,27.8317386],[-17.9688234,27.8316303],[-17.9688126,27.8315056],[-17.9687966,27.8314723],[-17.9687257,27.8314254],[-17.9686463,27.8313377],[-17.9686095,27.8312711],[-17.9685879,27.8311662],[-17.9686055,27.8310852],[-17.9686958,27.8309838],[-17.9687709,27.8309412],[-17.9688505,27.8309306],[-17.968893,27.8309477],[-17.9690589,27.8310694],[-17.9691171,27.8310894],[-17.9692228,27.8310949],[-17.9692829,27.8310682],[-17.9693116,27.8310302],[-17.9693368,27.8309411],[-17.9693802,27.8308651],[-17.9694148,27.8308432],[-17.9694516,27.8308385],[-17.9695539,27.8308643],[-17.9696039,27.8308553],[-17.969698,27.8307924],[-17.969736,27.8307562],[-17.9698198,27.8305571],[-17.9698548,27.8305158],[-17.9699515,27.8304328],[-17.9701906,27.8302689],[-17.9703996,27.8300527],[-17.9705089,27.8299729],[-17.970552,27.8298996],[-17.9705866,27.8298685],[-17.9707598,27.8297688],[-17.9708043,27.8297183],[-17.9708566,27.8295757],[-17.9708754,27.8295541],[-17.9709592,27.8295524],[-17.9710924,27.8296142],[-17.9712547,27.8296319],[-17.9713529,27.8296096],[-17.9714174,27.8295763],[-17.971461,27.8295382],[-17.9715878,27.8295107],[-17.9716477,27.8294795],[-17.9717859,27.8292555],[-17.9718578,27.8290207],[-17.971856,27.8289667],[-17.9718416,27.8289337],[-17.971794,27.828895],[-17.9717433,27.8288304],[-17.9717423,27.8288084],[-17.9718332,27.8284505],[-17.9718713,27.8283448],[-17.9719736,27.8281608],[-17.9721015,27.8280466],[-17.9720918,27.8279613],[-17.9720382,27.8278867],[-17.9719068,27.8277455],[-17.9718854,27.8276761],[-17.9718979,27.8276385],[-17.9720233,27.8274527],[-17.9721057,27.8273959],[-17.9723464,27.827313],[-17.9725277,27.8272655],[-17.9726815,27.8271894],[-17.9729167,27.8271306],[-17.9731744,27.8270137],[-17.9734317,27.8268506],[-17.9737748,27.8266892],[-17.9739825,27.8266306],[-17.9741616,27.8265435],[-17.9742399,27.8265279],[-17.9744209,27.826454],[-17.9745281,27.8263855],[-17.9746546,27.826327],[-17.9748088,27.8261774],[-17.9749167,27.8260969],[-17.9750833,27.826005],[-17.9754132,27.8258582],[-17.9754913,27.8258471],[-17.9756152,27.8258737],[-17.9757017,27.8260234],[-17.975736,27.826058],[-17.9757789,27.8260791],[-17.9758338,27.8260853],[-17.9758638,27.826071],[-17.9758783,27.8260396],[-17.975894,27.825817],[-17.9759522,27.8257541],[-17.9761032,27.8256946],[-17.9763156,27.8255839],[-17.9764865,27.8254779],[-17.9766905,27.8254265],[-17.9769136,27.825414],[-17.9771607,27.8254493],[-17.9773947,27.8254543],[-17.9778367,27.8255127],[-17.977966,27.8255187],[-17.9780073,27.8255049],[-17.9780611,27.8254417],[-17.9782515,27.8254325],[-17.9783471,27.8254035],[-17.9784486,27.8253378],[-17.9785921,27.8252216],[-17.978739,27.8251309],[-17.9788979,27.8250589],[-17.979023,27.8250516],[-17.979208,27.825058],[-17.9793168,27.8250789],[-17.9793781,27.8251034],[-17.9796193,27.8251407],[-17.9797947,27.8251308],[-17.9799891,27.8250931],[-17.9801242,27.825081],[-17.9801576,27.8250954],[-17.9801813,27.8251259],[-17.9802207,27.8250956],[-17.9802485,27.8251493],[-17.9802112,27.8252571],[-17.9802446,27.8252752],[-17.9803053,27.8252079],[-17.980286,27.825041],[-17.9803132,27.8250057],[-17.9808629,27.8248752],[-17.981063,27.8247986],[-17.9814327,27.824684],[-17.9815239,27.8246647],[-17.9817348,27.8246061],[-17.9819596,27.8245172],[-17.9820633,27.8245095],[-17.9821262,27.8245399],[-17.9821869,27.8246161],[-17.9822738,27.8246223],[-17.9823025,27.8246111],[-17.9824779,27.8245954],[-17.9825241,27.8246345],[-17.9825489,27.8246969],[-17.98255,27.8247366],[-17.9824838,27.8248712],[-17.98252,27.825016],[-17.9825393,27.825249],[-17.9825561,27.8252863],[-17.9826029,27.825326],[-17.9826632,27.8253218],[-17.9827457,27.8252545],[-17.9827621,27.8251623],[-17.9828024,27.825104],[-17.982858,27.8250568],[-17.9828728,27.8250206],[-17.9828759,27.8249422],[-17.9828659,27.8249169],[-17.9828193,27.8249107],[-17.9827563,27.8249616],[-17.9826678,27.8249803],[-17.9826346,27.8249702],[-17.9825946,27.8249033],[-17.9825975,27.8248854],[-17.9826823,27.8248102],[-17.982789,27.8246582],[-17.9828357,27.8245404],[-17.9828436,27.824401],[-17.9829114,27.8242712],[-17.9828693,27.8241043],[-17.9828757,27.8240716],[-17.9829195,27.8240158],[-17.9829214,27.8239655],[-17.9828412,27.8238764],[-17.9828343,27.8238252],[-17.9829021,27.8237037],[-17.9829687,27.8236166],[-17.9830508,27.8235426],[-17.9831252,27.8234318],[-17.9831639,27.8233438],[-17.9831935,27.8233144],[-17.9832578,27.8232931],[-17.983323,27.8233201],[-17.9833826,27.8233154],[-17.9833618,27.8231095],[-17.9834015,27.8230434],[-17.9835109,27.8229492],[-17.9838405,27.8227481],[-17.9840526,27.8226423],[-17.984607,27.8223658],[-17.9847965,27.8222907],[-17.9856997,27.821981],[-17.9858546,27.8219442],[-17.9860901,27.82179],[-17.986532,27.8216953],[-17.9867526,27.821689],[-17.9868194,27.8216777],[-17.9872521,27.8215805],[-17.9874555,27.8215196],[-17.9878144,27.821355],[-17.9879144,27.821336],[-17.9881068,27.8213463],[-17.988257,27.8213996],[-17.9883454,27.8214529],[-17.9884331,27.8215239],[-17.9886327,27.8217347],[-17.9886922,27.8218157],[-17.9887687,27.8219586],[-17.988841,27.8220405],[-17.9889359,27.8221058],[-17.9889949,27.8221315],[-17.9891421,27.8221574],[-17.9892161,27.8221641],[-17.9892867,27.8221514],[-17.9894432,27.8221797],[-17.9895514,27.8221839],[-17.9896037,27.8222023],[-17.9898035,27.8223205],[-17.9900392,27.8224111],[-17.990184,27.8224071],[-17.9904207,27.8223649],[-17.9907627,27.8223662],[-17.9909385,27.822333],[-17.9910103,27.8223327],[-17.991173,27.8223578],[-17.9912767,27.8223492],[-17.9913507,27.8223733],[-17.9915089,27.8225337],[-17.9915369,27.8225543],[-17.991584,27.8225668],[-17.9916545,27.8225442],[-17.9917182,27.8224945],[-17.9919558,27.8221519],[-17.9919418,27.822378],[-17.99204,27.8225399],[-17.9922387,27.8224802],[-17.99234,27.8224106],[-17.9924112,27.8223774],[-17.992325,27.8225631],[-17.9923554,27.8226063],[-17.9924562,27.8226261],[-17.9928386,27.8223907],[-17.9929961,27.8222282],[-17.9930336,27.8220624],[-17.9929361,27.8220094],[-17.9928311,27.8220326],[-17.9927749,27.8220724],[-17.9927599,27.8219762],[-17.9927243,27.8219314],[-17.9926755,27.8219348],[-17.9926468,27.8219487],[-17.9926216,27.8219522],[-17.992567,27.8219818],[-17.9925089,27.8220525],[-17.9925033,27.8220756],[-17.9924709,27.8220987],[-17.9924663,27.8221197],[-17.9924261,27.8221563],[-17.9924056,27.8221439],[-17.9923981,27.8221303],[-17.992399,27.8221001],[-17.9924267,27.8219908],[-17.9924621,27.821927],[-17.9924616,27.8219165],[-17.992487,27.821889],[-17.9925226,27.8218707],[-17.9925799,27.8217971],[-17.9928236,27.8216413],[-17.9928161,27.8215717],[-17.9926512,27.821565],[-17.99228,27.8217242],[-17.9921825,27.8217772],[-17.9921017,27.821881],[-17.9920746,27.8219477],[-17.9920634,27.8219669],[-17.9920082,27.8219584],[-17.9920357,27.8218714],[-17.9920526,27.8218245],[-17.9920716,27.8217684],[-17.9920806,27.8216672],[-17.9920468,27.8216171],[-17.9919996,27.8215818],[-17.9919919,27.8215707],[-17.9919388,27.821552],[-17.9918672,27.8215585],[-17.9917741,27.8215329],[-17.9916599,27.8214848],[-17.9915869,27.8214384],[-17.9915162,27.8213304],[-17.9914544,27.8213046],[-17.9914329,27.8212784],[-17.9914312,27.8212473],[-17.9914121,27.8212097],[-17.9913781,27.8212104],[-17.9913864,27.8211746],[-17.9913607,27.8211396],[-17.991404,27.8210688],[-17.9914124,27.8210253],[-17.9914279,27.8209437],[-17.9913965,27.8208357],[-17.9912774,27.8207759],[-17.9912204,27.8207192],[-17.9911645,27.8206957],[-17.991113,27.8206928],[-17.9910225,27.8206561],[-17.9909059,27.8205437],[-17.9909099,27.8203702],[-17.9909372,27.8201563],[-17.9910471,27.8200281],[-17.9910334,27.8199528],[-17.990911,27.8197701],[-17.9908961,27.8197171],[-17.9908416,27.8196567],[-17.9907309,27.8195938],[-17.9907237,27.8195261],[-17.9906634,27.8194934],[-17.990617,27.8194445],[-17.9905651,27.8194123],[-17.9904818,27.8193941],[-17.9904188,27.8193524],[-17.9903839,27.8193489],[-17.9902834,27.8192377],[-17.9900686,27.8188807],[-17.9900085,27.8187175],[-17.9900074,27.8186395],[-17.9898817,27.8186207],[-17.9898257,27.8185948],[-17.9897661,27.8185554],[-17.9897469,27.818522],[-17.9896271,27.81845],[-17.9895971,27.8183138],[-17.9896151,27.8180487],[-17.9896621,27.8179718],[-17.9895435,27.8177317],[-17.9895619,27.8174958],[-17.9895875,27.8174377],[-17.98952,27.8173227],[-17.9895437,27.8172811],[-17.9894169,27.8170515],[-17.9894219,27.8169781],[-17.9893935,27.816877],[-17.9893848,27.8166603],[-17.9893167,27.8165401],[-17.9892743,27.8164181],[-17.9892602,27.816313],[-17.9892073,27.8161981],[-17.9891989,27.8160733],[-17.9891755,27.8159992],[-17.9891594,27.815739],[-17.9891369,27.8156567],[-17.989125,27.8155308],[-17.9891717,27.8154586],[-17.9892432,27.8154405],[-17.9892048,27.8154031],[-17.9891007,27.815402],[-17.9890636,27.8154318],[-17.9889793,27.8153891],[-17.9889268,27.815279],[-17.9888999,27.8151734],[-17.9888535,27.8151067],[-17.9889062,27.8149924],[-17.9888943,27.814946],[-17.9888534,27.8149059],[-17.9887186,27.8148176],[-17.9886342,27.8148281],[-17.9885296,27.8147632],[-17.9884527,27.8147507],[-17.9884639,27.8146732],[-17.9884956,27.8146262],[-17.9884565,27.814525],[-17.9884348,27.8143993],[-17.9883622,27.8142498],[-17.9883378,27.8142276],[-17.98829,27.8142189],[-17.9882839,27.814168],[-17.9882339,27.8140969],[-17.9882521,27.8140162],[-17.9882007,27.8140064],[-17.9881813,27.813941],[-17.988149,27.8139291],[-17.9879012,27.813608],[-17.9877842,27.8133172],[-17.9877289,27.8132338],[-17.9877101,27.813153],[-17.9875626,27.8129883],[-17.9875491,27.812909],[-17.9873744,27.8125932],[-17.9873495,27.812498],[-17.9873012,27.8124076],[-17.9872913,27.8122857],[-17.98727,27.8122185],[-17.9872777,27.812131],[-17.9872086,27.8120455],[-17.987136,27.8117707],[-17.986919,27.811233],[-17.9865335,27.8104218],[-17.9865253,27.810323],[-17.986479,27.8101062],[-17.9864589,27.8093149],[-17.9865511,27.809035],[-17.9865712,27.8089366],[-17.9865862,27.8088447],[-17.9865802,27.8086283],[-17.9865146,27.8083425],[-17.9864561,27.8082317],[-17.9864102,27.8081777],[-17.9863292,27.8080415],[-17.9862478,27.8078874],[-17.9861944,27.8077433],[-17.9862064,27.8075491],[-17.9863378,27.8069747],[-17.9864625,27.8065506],[-17.9864785,27.8063634],[-17.9865598,27.8060012],[-17.986651,27.8057231],[-17.9867778,27.8052576],[-17.9868641,27.8049996],[-17.9869217,27.8048728],[-17.9870171,27.8045033],[-17.9871056,27.8043078],[-17.987187,27.8041591],[-17.9872325,27.8041035],[-17.9872526,27.8040487],[-17.9873048,27.8038036],[-17.987421,27.8035178],[-17.987434,27.8034001],[-17.9874851,27.8032486],[-17.9875285,27.8029776],[-17.9875901,27.8027996],[-17.987669,27.8026257],[-17.9877448,27.8025153],[-17.9878752,27.8022602],[-17.9879346,27.8021857],[-17.987996,27.8020381],[-17.9881068,27.8019164],[-17.988287,27.801769],[-17.9884247,27.8015668],[-17.9884741,27.8014411],[-17.9884938,27.8013503],[-17.9885027,27.801339],[-17.9885599,27.8013368],[-17.9885579,27.8012683],[-17.9885189,27.8012374],[-17.9885623,27.8011254],[-17.9886079,27.8010547],[-17.9886278,27.8010473],[-17.9886778,27.8010742],[-17.988706,27.8010676],[-17.9886921,27.8009719],[-17.9888141,27.800732],[-17.9888895,27.8007139],[-17.9889544,27.8007218],[-17.9890129,27.8007733],[-17.9890447,27.8008526],[-17.9890941,27.800904],[-17.9891226,27.8009197],[-17.9891539,27.8009203],[-17.9891852,27.800916],[-17.989203,27.8009008],[-17.9892062,27.8008414],[-17.9892335,27.8008004],[-17.9891831,27.8006898],[-17.989098,27.8006039],[-17.9888727,27.8004489],[-17.9888501,27.8003546],[-17.9888869,27.8002338],[-17.988903,27.8002203],[-17.9889524,27.8002185],[-17.9889942,27.8001812],[-17.9889854,27.8001292],[-17.9889665,27.8001106],[-17.9889251,27.8000984],[-17.9889134,27.8000744],[-17.9889209,27.8000447],[-17.9890057,27.7998637],[-17.989105,27.7997746],[-17.9891082,27.7997221],[-17.989125,27.799697],[-17.9891812,27.7996629],[-17.9892437,27.7994282],[-17.9892634,27.7994147],[-17.9893945,27.7995086],[-17.9894612,27.7995124],[-17.9895196,27.7994837],[-17.9895268,27.7994595],[-17.989516,27.7994009],[-17.9894958,27.7993635],[-17.9894228,27.7992282],[-17.9894259,27.7991868],[-17.9894471,27.7991764],[-17.9895103,27.7991953],[-17.989557,27.7992306],[-17.989665,27.7992642],[-17.9897484,27.7993143],[-17.9899599,27.799322],[-17.9900491,27.7993816],[-17.9901585,27.7993661],[-17.9901642,27.7993442],[-17.9901428,27.7992648],[-17.9901089,27.7991914],[-17.9900816,27.7991711],[-17.9900073,27.7991552],[-17.9899338,27.7991093],[-17.9899215,27.7990889],[-17.9899376,27.7990412],[-17.9899747,27.7990137],[-17.9899812,27.7989955],[-17.9899439,27.7989369],[-17.9899634,27.7989007],[-17.9899492,27.7988461],[-17.9898553,27.7987753],[-17.9898635,27.7987197],[-17.9898153,27.798678],[-17.9897427,27.7986549],[-17.9897373,27.7986297],[-17.9897626,27.7986224],[-17.9898333,27.7986302],[-17.9899206,27.7987737],[-17.9899973,27.7988229],[-17.9900227,27.7988224],[-17.9900567,27.798796],[-17.9900611,27.7987727],[-17.9899916,27.7986729],[-17.9900707,27.79867],[-17.9901206,27.798656],[-17.9901241,27.7986198],[-17.9901013,27.7985782],[-17.9901114,27.7985616],[-17.9901604,27.7985519],[-17.9901797,27.7985592],[-17.9901893,27.7985865],[-17.9901772,27.7987667],[-17.9902085,27.79882],[-17.9903281,27.7988317],[-17.990381,27.7989154],[-17.9904942,27.7989594],[-17.9905823,27.7989773],[-17.9906482,27.7989729],[-17.9906609,27.7989609],[-17.9906576,27.7989395],[-17.9906043,27.7988899],[-17.9904443,27.7988275],[-17.9903779,27.7987743],[-17.9903627,27.7987215],[-17.9903233,27.7986865],[-17.9903243,27.7986737],[-17.9903878,27.7986627],[-17.9903914,27.7986478],[-17.9903659,27.7986101],[-17.9903821,27.7985813],[-17.9903787,27.7984942],[-17.9902637,27.7983962],[-17.990197,27.7983808],[-17.9901857,27.7983659],[-17.9901894,27.7983002],[-17.990232,27.7982546],[-17.9902533,27.7982634],[-17.9902797,27.7983086],[-17.9903675,27.7983065],[-17.9903636,27.7982545],[-17.9903149,27.7982138],[-17.9903024,27.7981801],[-17.9903402,27.7981553],[-17.9904832,27.7981254],[-17.9904949,27.7980876],[-17.9904618,27.7980519],[-17.9903399,27.7980059],[-17.9903412,27.7979763],[-17.9904221,27.7979733],[-17.9904557,27.7979495],[-17.9905246,27.7979468],[-17.9905651,27.7979634],[-17.9906146,27.7979956],[-17.9906825,27.7980759],[-17.9907542,27.7981303],[-17.9908546,27.7981631],[-17.9908929,27.7981502],[-17.9908678,27.7981012],[-17.9908359,27.7980636],[-17.9907838,27.798038],[-17.9907317,27.7980123],[-17.9907245,27.7979941],[-17.9907429,27.7979527],[-17.9907807,27.7979234],[-17.9908453,27.7979242],[-17.9908634,27.7979671],[-17.9908652,27.7980264],[-17.9908966,27.7980702],[-17.9909809,27.7981038],[-17.9910981,27.7981732],[-17.991227,27.7981526],[-17.9913036,27.7981216],[-17.9914733,27.798016],[-17.9914738,27.797978],[-17.9914741,27.7979516],[-17.9914751,27.7978757],[-17.9914668,27.7978649],[-17.9914211,27.7978057],[-17.991442,27.7977417],[-17.9914403,27.7977003],[-17.9914996,27.7976733],[-17.9915329,27.7976235],[-17.9915572,27.7975147],[-17.9915524,27.7974083],[-17.9914662,27.7972687],[-17.9914739,27.7972255],[-17.9914526,27.7971786],[-17.9913935,27.7971483],[-17.9915013,27.797082],[-17.9915349,27.797097],[-17.9915527,27.7970972],[-17.9916156,27.7970978],[-17.9916247,27.7970638],[-17.9916571,27.7970478],[-17.9916873,27.7970595],[-17.991722,27.797073],[-17.9917665,27.7970441],[-17.99177,27.797003],[-17.9918284,27.7970237],[-17.991866,27.797073],[-17.9918919,27.7970845],[-17.9919192,27.7970432],[-17.9919652,27.7970839],[-17.9919953,27.7971172],[-17.9920448,27.7971713],[-17.9920533,27.7972168],[-17.9920806,27.7972488],[-17.9921119,27.7972989],[-17.9921103,27.7973707],[-17.9921113,27.7974099],[-17.9921334,27.7974626],[-17.9921656,27.7974804],[-17.9921971,27.797495],[-17.992222,27.7975185],[-17.9922844,27.797523],[-17.9923226,27.7975334],[-17.9924001,27.7975453],[-17.9924639,27.7975651],[-17.992489,27.7975692],[-17.9925155,27.7975957],[-17.9926242,27.7976025],[-17.9926438,27.7976116],[-17.9926756,27.7976075],[-17.9926928,27.7975739],[-17.992703,27.7975209],[-17.992682,27.7974661],[-17.9926623,27.7974497],[-17.9926199,27.7974432],[-17.9925817,27.7974374],[-17.9925643,27.7974347],[-17.992551,27.7974003],[-17.992545,27.7973847],[-17.9924955,27.7973332],[-17.9924392,27.7972467],[-17.9923878,27.7971679],[-17.9923096,27.7971006],[-17.9921526,27.7970431],[-17.9921466,27.7970518],[-17.9921297,27.7970533],[-17.9921082,27.7970408],[-17.9919995,27.7970022],[-17.9919422,27.7969841],[-17.9918891,27.7969666],[-17.9918421,27.7969311],[-17.9917719,27.7968909],[-17.9917222,27.7968841],[-17.9916118,27.7969235],[-17.9915759,27.7969197],[-17.9915083,27.7968849],[-17.9914641,27.7968813],[-17.9914611,27.7968729],[-17.9914966,27.7968547],[-17.9915599,27.7968767],[-17.9917225,27.7968564],[-17.9918655,27.7967927],[-17.9919317,27.7967209],[-17.9918975,27.7966842],[-17.9918516,27.7966639],[-17.9918355,27.7966043],[-17.9919021,27.7966469],[-17.991954,27.7966419],[-17.9919977,27.7966154],[-17.9919886,27.7965464],[-17.9919407,27.7965079],[-17.9918016,27.7964162],[-17.9917564,27.7963602],[-17.9917442,27.7963548],[-17.9917089,27.7963392],[-17.9916818,27.7963642],[-17.9916673,27.7962742],[-17.991682,27.7962274],[-17.9918132,27.7962282],[-17.9918852,27.7962531],[-17.9919676,27.7962817],[-17.992094,27.7963404],[-17.9921965,27.7964304],[-17.9922938,27.7964681],[-17.9923789,27.7965011],[-17.9924274,27.7965199],[-17.9924526,27.7965418],[-17.9924644,27.7965471],[-17.9925637,27.7965612],[-17.9925883,27.796579],[-17.9926539,27.7966264],[-17.9926765,27.7966427],[-17.9927101,27.796642],[-17.9927466,27.7966309],[-17.992745,27.7965834],[-17.992738,27.7965745],[-17.9926604,27.7964748],[-17.9925857,27.7964247],[-17.9924598,27.7963734],[-17.9923781,27.7963558],[-17.9923379,27.7963558],[-17.9923211,27.7962962],[-17.9923866,27.7962958],[-17.9924177,27.7962679],[-17.9924305,27.7962357],[-17.9924292,27.7962126],[-17.992436,27.7961889],[-17.9924787,27.7961617],[-17.9925159,27.7961507],[-17.9925526,27.7961462],[-17.9925748,27.7961387],[-17.9926389,27.7961871],[-17.9926467,27.796233],[-17.9926774,27.7962647],[-17.9927343,27.7962708],[-17.9928483,27.7963239],[-17.992885,27.7963207],[-17.9929064,27.7963016],[-17.9929042,27.7962606],[-17.9929024,27.7962256],[-17.9928991,27.7961635],[-17.9928509,27.7960211],[-17.99284,27.7960119],[-17.9927965,27.7959752],[-17.9927542,27.7959524],[-17.992701,27.7959236],[-17.9926888,27.7958865],[-17.9926647,27.7958129],[-17.9926623,27.7958055],[-17.9926221,27.7957576],[-17.9926067,27.7957463],[-17.9925563,27.7957305],[-17.9925399,27.7956718],[-17.9925586,27.7956416],[-17.9925864,27.7956305],[-17.9926604,27.7956348],[-17.9926936,27.7956434],[-17.9927512,27.7956811],[-17.9927976,27.7956851],[-17.992834,27.7956798],[-17.9928817,27.795648],[-17.9929032,27.7956466],[-17.9929365,27.7957202],[-17.9929824,27.7957356],[-17.9930344,27.7957132],[-17.9930858,27.7956488],[-17.9930649,27.7955601],[-17.9930382,27.7955137],[-17.9930424,27.7954201],[-17.9929682,27.7952868],[-17.9929774,27.7951104],[-17.9930579,27.7950385],[-17.9930802,27.7949742],[-17.9930771,27.7949285],[-17.9930179,27.7948389],[-17.9929657,27.7947899],[-17.9929665,27.7947318],[-17.9929836,27.794718],[-17.9932037,27.794661],[-17.9933138,27.7945578],[-17.99339,27.7944597],[-17.9934835,27.794391],[-17.9935678,27.7943099],[-17.9936599,27.7941953],[-17.9937045,27.7941864],[-17.9937732,27.7942027],[-17.99384,27.7941955],[-17.9939833,27.7941241],[-17.9940721,27.7939732],[-17.9941358,27.7937932],[-17.9942709,27.7936206],[-17.9943066,27.7936311],[-17.9943233,27.7936649],[-17.9943099,27.7937532],[-17.9943079,27.793933],[-17.994288,27.7939926],[-17.994275,27.7940097],[-17.9942339,27.7940256],[-17.9942312,27.7940408],[-17.9943414,27.7941184],[-17.9944904,27.7941882],[-17.994608,27.7942151],[-17.9947404,27.7941731],[-17.9947665,27.7941482],[-17.9947858,27.7940923],[-17.9947354,27.7939403],[-17.9947336,27.7938434],[-17.9947448,27.7938297],[-17.9947972,27.7938272],[-17.9948171,27.7938159],[-17.9948379,27.7937986],[-17.9948426,27.7937753],[-17.9948006,27.793687],[-17.99477,27.7935626],[-17.9947922,27.7934972],[-17.9947793,27.7933988],[-17.9947417,27.7933331],[-17.994685,27.793278],[-17.9947755,27.7932344],[-17.9948459,27.7931725],[-17.9948999,27.7931439],[-17.9949338,27.7930892],[-17.9951119,27.792996],[-17.9951218,27.7929934],[-17.995217,27.792968],[-17.9952614,27.7929905],[-17.9953742,27.7930189],[-17.9954365,27.7930704],[-17.9954734,27.793181],[-17.9955765,27.7933077],[-17.9955781,27.7933643],[-17.9956872,27.7934361],[-17.9957483,27.7934612],[-17.99598,27.7935396],[-17.9960308,27.793535],[-17.9960425,27.7934972],[-17.9960335,27.7933986],[-17.9959597,27.7933189],[-17.9959692,27.7932005],[-17.9959101,27.7931504],[-17.9958948,27.7931232],[-17.9958917,27.7930187],[-17.9958784,27.7929909],[-17.9958183,27.7929382],[-17.9957248,27.7929014],[-17.9956795,27.7928962],[-17.9955763,27.7928444],[-17.9954276,27.7926838],[-17.9954212,27.7926411],[-17.9954526,27.7926128],[-17.9955087,27.7926104],[-17.9956272,27.792687],[-17.9956962,27.7926855],[-17.9957066,27.7926718],[-17.9957042,27.7926353],[-17.9956254,27.7925452],[-17.9955967,27.7924927],[-17.9955986,27.7924634],[-17.9956317,27.7924085],[-17.9956631,27.7923768],[-17.9957032,27.7923719],[-17.9957969,27.7924519],[-17.9958912,27.7924695],[-17.9960549,27.7925199],[-17.9963228,27.792619],[-17.9965895,27.7926015],[-17.9967343,27.7926075],[-17.9968033,27.792629],[-17.9968876,27.7926244],[-17.9969396,27.7925971],[-17.9969507,27.7925521],[-17.9969131,27.7924707],[-17.9968799,27.7924397],[-17.996759,27.7923841],[-17.9967172,27.7923304],[-17.9968004,27.7922057],[-17.996801,27.7921596],[-17.9967857,27.792123],[-17.99679,27.7919888],[-17.9967294,27.791911],[-17.9967259,27.7918556],[-17.9968338,27.7918183],[-17.9969209,27.7917089],[-17.9969745,27.7917337],[-17.9970135,27.7917808],[-17.997029,27.7918582],[-17.9971297,27.7919479],[-17.9971387,27.7919482],[-17.9972133,27.7919503],[-17.997215,27.7919203],[-17.9971337,27.7918297],[-17.99706,27.791774],[-17.9970534,27.7917475],[-17.9972279,27.7917903],[-17.9972328,27.7917968],[-17.9972819,27.7918616],[-17.9973296,27.7918837],[-17.9973329,27.7918499],[-17.9971929,27.7916496],[-17.9971928,27.7916041],[-17.9972162,27.7915372],[-17.9972373,27.7915387],[-17.9972761,27.7915893],[-17.9972776,27.7916387],[-17.9972804,27.7916443],[-17.9973188,27.7917219],[-17.9973513,27.7917386],[-17.9974048,27.7917413],[-17.9974267,27.7916912],[-17.9973907,27.7915814],[-17.9973336,27.7914802],[-17.9972748,27.7914402],[-17.9971691,27.7914193],[-17.997173,27.7913828],[-17.9972412,27.7913481],[-17.9973568,27.7913793],[-17.9973953,27.791372],[-17.9973973,27.7913583],[-17.9973342,27.791299],[-17.9974377,27.7912328],[-17.9974926,27.7911469],[-17.9975976,27.7910667],[-17.9976295,27.791027],[-17.9976391,27.7909525],[-17.9976228,27.7909004],[-17.9977085,27.790831],[-17.9979927,27.7907107],[-17.9980584,27.7906477],[-17.9981059,27.7906484],[-17.998124,27.7906737],[-17.9981784,27.7906873],[-17.998283,27.7907579],[-17.9983206,27.7907562],[-17.9983673,27.7907271],[-17.9983927,27.790691],[-17.9984228,27.7907004],[-17.9984482,27.7907335],[-17.9985217,27.7907389],[-17.998543,27.7907163],[-17.998506,27.7906662],[-17.9985248,27.7906212],[-17.9986042,27.7906166],[-17.9986815,27.7905958],[-17.9987042,27.7905992],[-17.9987566,27.7906434],[-17.9987843,27.7906341],[-17.9987906,27.7905976],[-17.998818,27.7905657],[-17.9989127,27.7905512],[-17.9989595,27.7905759],[-17.9990929,27.7908304],[-17.999174,27.7908315],[-17.9992195,27.7908666],[-17.9992323,27.7909259],[-17.9993027,27.7910853],[-17.9994073,27.7910927],[-17.9994045,27.7910483],[-17.999357,27.7909664],[-17.9992955,27.7909095],[-17.9992909,27.7908789],[-17.9993284,27.7908119],[-17.9993749,27.7907933],[-17.9994086,27.790825],[-17.9994401,27.7909105],[-17.9994695,27.7909363],[-17.9994846,27.7909317],[-17.9994765,27.7908709],[-17.9993963,27.7907892],[-17.99938,27.7907489],[-17.9993246,27.7906803],[-17.9993176,27.7905874],[-17.9992744,27.7904961],[-17.9991913,27.7903203],[-17.9991859,27.790281],[-17.9992068,27.7902531],[-17.9994085,27.7901912],[-17.9995915,27.7901114],[-17.9996238,27.7901132],[-17.9996604,27.7901359],[-17.9998457,27.7902977],[-17.9999015,27.7903681],[-17.9999251,27.7905338],[-17.9999897,27.7906426],[-18.0001478,27.7908035],[-18.0002391,27.7909177],[-18.0003234,27.790955],[-18.0003872,27.7910508],[-18.0004719,27.7911214],[-18.0005287,27.79115],[-18.0006106,27.7911662],[-18.0006268,27.7911543],[-18.0006331,27.7911215],[-18.0006725,27.7911059],[-18.0006961,27.7910779],[-18.0007113,27.7910407],[-18.0007114,27.7910004],[-18.0006909,27.79098],[-18.000643,27.7909324],[-18.0006407,27.7909054],[-18.0007344,27.7908333],[-18.0007578,27.7907709],[-18.0007596,27.7907249],[-18.0007511,27.7906236],[-18.0006711,27.7904447],[-18.0006508,27.7903095],[-18.000669,27.7902026],[-18.0007618,27.7901339],[-18.0007938,27.7901367],[-18.0007867,27.7902863],[-18.0007996,27.7903589],[-18.0008462,27.7904713],[-18.0009102,27.7905436],[-18.0010318,27.79064],[-18.0010499,27.7906588],[-18.0010546,27.7906899],[-18.001086,27.7907142],[-18.0012223,27.7907505],[-18.0015588,27.7908931],[-18.0018194,27.7909045],[-18.0018842,27.7908576],[-18.0019284,27.790846],[-18.0019415,27.7907905],[-18.0019853,27.7907324],[-18.0020047,27.7904646],[-18.0019985,27.7904117],[-18.0019247,27.7903157],[-18.0019212,27.7902667],[-18.0019229,27.7902424],[-18.0019964,27.790211],[-18.0019832,27.7901793],[-18.0017739,27.7900815],[-18.0016546,27.7900044],[-18.0016512,27.7899896],[-18.0016679,27.7899686],[-18.0017603,27.7899119],[-18.0017727,27.789863],[-18.0018096,27.7898603],[-18.0018334,27.7898422],[-18.0018128,27.7897721],[-18.0018397,27.7897162],[-18.0018386,27.7895707],[-18.0018214,27.789541],[-18.0017466,27.7894762],[-18.0017402,27.7894097],[-18.0017549,27.7893956],[-18.0017925,27.7893928],[-18.0021586,27.7895763],[-18.002247,27.7895957],[-18.0023908,27.7895991],[-18.0024021,27.7895851],[-18.0024063,27.7894852],[-18.0024763,27.7894803],[-18.0025228,27.7894948],[-18.0025827,27.7895418],[-18.0027317,27.7896915],[-18.0028103,27.789718],[-18.0028683,27.7897193],[-18.0028956,27.7896938],[-18.0028823,27.7896476],[-18.0028393,27.7895907],[-18.0027382,27.7895778],[-18.0027269,27.7894869],[-18.0028668,27.7894105],[-18.0028719,27.7893238],[-18.0028873,27.7892982],[-18.0032732,27.7891272],[-18.0033898,27.7891237],[-18.0034508,27.78908],[-18.0035206,27.7890527],[-18.0039814,27.7889259],[-18.0041572,27.7889201],[-18.0042532,27.7888997],[-18.004794,27.7888422],[-18.005065,27.7888506],[-18.0050908,27.7888367],[-18.0053316,27.7887978],[-18.0054949,27.78879],[-18.0056324,27.7887285],[-18.0056652,27.7887241],[-18.0056915,27.7887366],[-18.005756,27.7888266],[-18.0058286,27.7887757],[-18.0058569,27.7887315],[-18.0058782,27.7887193],[-18.0060244,27.7887257],[-18.0062287,27.7886806],[-18.0062636,27.7886411],[-18.0062637,27.7886031],[-18.0061561,27.7885797],[-18.0061239,27.7885439],[-18.006122,27.7885057],[-18.0062479,27.788425],[-18.0063161,27.7883648],[-18.0063521,27.7881791],[-18.0063554,27.7880976],[-18.0064063,27.7879674],[-18.0065043,27.78787],[-18.0066067,27.7877427],[-18.0068898,27.787483],[-18.0071535,27.7872971],[-18.0073102,27.7872212],[-18.0073964,27.7871999],[-18.0074955,27.7871984],[-18.0075752,27.7871701],[-18.0076664,27.7871143],[-18.0079315,27.7869152],[-18.0079715,27.7868977],[-18.0080219,27.7868959],[-18.0080961,27.7869212],[-18.008128,27.786907],[-18.0081519,27.7868943],[-18.0082261,27.7868375],[-18.008321,27.786772],[-18.0084102,27.7867096],[-18.0084459,27.7866792],[-18.0084946,27.7867116],[-18.0085293,27.7867185],[-18.0085426,27.7867407],[-18.0085508,27.7867699],[-18.0085636,27.7867832],[-18.0085766,27.7867883],[-18.0086136,27.7867843],[-18.0086511,27.7867781],[-18.0087154,27.7867569],[-18.0087522,27.7867418],[-18.0088002,27.7867058],[-18.0088187,27.7866715],[-18.0089046,27.78662],[-18.0089154,27.7866112],[-18.0089172,27.7865946],[-18.0089117,27.7865767],[-18.0089016,27.7865663],[-18.0089336,27.7865105],[-18.0089029,27.7863859],[-18.0088773,27.7863433],[-18.0088871,27.7862625],[-18.0089029,27.7862537],[-18.0090304,27.7862548],[-18.0090181,27.7861439],[-18.009132,27.786062],[-18.0094234,27.7857762],[-18.0095146,27.7857221],[-18.0096122,27.7856809],[-18.0097469,27.7856445],[-18.0097589,27.7856391],[-18.009858,27.7855948],[-18.009926,27.7855446],[-18.0100484,27.7855107],[-18.0100969,27.7854841],[-18.0101441,27.7854317],[-18.0101597,27.7853291],[-18.010184,27.7853302],[-18.0102349,27.7853919],[-18.0103418,27.785469],[-18.0104491,27.7856153],[-18.0104925,27.7856557],[-18.0105415,27.7856806],[-18.0106142,27.7856985],[-18.0106335,27.785688],[-18.0106652,27.7856324],[-18.010708,27.7856058],[-18.0106905,27.7856715],[-18.0107293,27.7857071],[-18.0107352,27.7857283],[-18.0107378,27.7858705],[-18.0108059,27.7859575],[-18.0108749,27.785968],[-18.0108859,27.7859584],[-18.0108771,27.7859174],[-18.0108402,27.7858324],[-18.0108171,27.7855808],[-18.0108513,27.7855547],[-18.0109214,27.7855384],[-18.0109074,27.7856038],[-18.0109381,27.7856595],[-18.010939,27.7855875],[-18.0109584,27.7855648],[-18.0110255,27.7855373],[-18.0111175,27.7855839],[-18.0111507,27.7855819],[-18.0111561,27.7855547],[-18.0111472,27.7855322],[-18.0110343,27.7854555],[-18.0108319,27.7852618],[-18.0107738,27.7851682],[-18.0105389,27.7849662],[-18.010514,27.7849386],[-18.0105225,27.784902],[-18.0105549,27.7848782],[-18.0107535,27.7847926],[-18.0107624,27.7847909],[-18.0108533,27.7847732],[-18.0108812,27.7847257],[-18.010896,27.7846542],[-18.010924,27.7846323],[-18.0109503,27.7846301],[-18.0110805,27.7847033],[-18.0111991,27.7848005],[-18.0112497,27.7848861],[-18.0112703,27.7848822],[-18.0112833,27.7847932],[-18.0113054,27.7847521],[-18.0113532,27.7847337],[-18.0114071,27.7847385],[-18.0115973,27.7847895],[-18.0116173,27.7847993],[-18.0116465,27.7848466],[-18.0116911,27.7848384],[-18.01175,27.7847878],[-18.0118107,27.7847749],[-18.0118932,27.7847736],[-18.0119619,27.7847863],[-18.0120381,27.7847791],[-18.0120834,27.7848506],[-18.0121013,27.7848567],[-18.0121765,27.7848561],[-18.0122359,27.7848372],[-18.0122259,27.7847735],[-18.0121736,27.7847098],[-18.0121075,27.7846956],[-18.0120531,27.7847062],[-18.0120392,27.7847298],[-18.0120115,27.7847277],[-18.0119804,27.7846887],[-18.0119399,27.7846699],[-18.0119179,27.7846437],[-18.0119158,27.7846305],[-18.0119631,27.7846213],[-18.0119891,27.7845893],[-18.0119357,27.784472],[-18.0119345,27.7844062],[-18.0119444,27.7843911],[-18.0120285,27.7843651],[-18.0121052,27.784319],[-18.0120574,27.7842414],[-18.0120624,27.7842051],[-18.0121129,27.7841492],[-18.0120764,27.7840952],[-18.0121115,27.7840763],[-18.0121875,27.7840681],[-18.0122429,27.7840432],[-18.0122309,27.7839415],[-18.0122364,27.7838475],[-18.0122666,27.7837773],[-18.0123592,27.7836633],[-18.0126393,27.7834531],[-18.0127552,27.7834073],[-18.0127798,27.7834332],[-18.0128133,27.7835244],[-18.0128899,27.7835276],[-18.0129746,27.7835066],[-18.0130663,27.7835082],[-18.013152,27.7833933],[-18.0131878,27.783298],[-18.0132424,27.7832771],[-18.0133039,27.7832791],[-18.0133646,27.7833136],[-18.0133845,27.7833107],[-18.0134008,27.7832938],[-18.0134156,27.7832404],[-18.0134414,27.7832229],[-18.0135163,27.7832158],[-18.0135537,27.7831793],[-18.0135893,27.7831714],[-18.0136738,27.7831703],[-18.0137315,27.7832523],[-18.0138013,27.7833002],[-18.0138908,27.7832914],[-18.0139068,27.7832794],[-18.0138997,27.7831685],[-18.0139174,27.7831461],[-18.0139721,27.7831056],[-18.0141049,27.7830507],[-18.0141759,27.7829934],[-18.0141902,27.7829969],[-18.0142262,27.7830458],[-18.0143454,27.783067],[-18.0144376,27.7831026],[-18.0144806,27.7830822],[-18.0145802,27.783075],[-18.0146276,27.7830588],[-18.0146365,27.783047],[-18.0146242,27.7828537],[-18.0146572,27.7828163],[-18.0146634,27.7827551],[-18.0147094,27.7827298],[-18.0147301,27.7827041],[-18.0147272,27.7826003],[-18.0147606,27.7825762],[-18.0148135,27.782583],[-18.0148927,27.7825709],[-18.0148217,27.7824502],[-18.0148701,27.7824275],[-18.0149027,27.7823795],[-18.0149506,27.7823469],[-18.0150858,27.7823168],[-18.0151182,27.7822711],[-18.0151234,27.7822039],[-18.0152004,27.7821038],[-18.0152398,27.7820125],[-18.0152196,27.7818196],[-18.015194,27.7817968],[-18.0151316,27.7817986],[-18.0151194,27.7817874],[-18.0151206,27.7817679],[-18.0151563,27.7817223],[-18.0151535,27.7816831],[-18.0151167,27.7815969],[-18.0150307,27.7815035],[-18.0149579,27.7814456],[-18.0148409,27.7814391],[-18.0147785,27.7814004],[-18.0147897,27.7813257],[-18.0148815,27.7811716],[-18.014921,27.7811275],[-18.0149849,27.7811064],[-18.014998,27.7810905],[-18.0149919,27.7809515],[-18.0150196,27.7809028],[-18.0151046,27.7808182],[-18.0151758,27.7806235],[-18.0153938,27.7803941],[-18.0155762,27.7802497],[-18.0156555,27.7802115],[-18.0157503,27.7801842],[-18.0158671,27.7801112],[-18.0162268,27.7800297],[-18.0163152,27.7799858],[-18.0163323,27.7799864],[-18.0163347,27.7800552],[-18.0163616,27.780123],[-18.0164821,27.7802845],[-18.0165189,27.78028],[-18.0165331,27.7802584],[-18.0165433,27.7801219],[-18.016508,27.7800193],[-18.016474,27.7799919],[-18.0164953,27.7799466],[-18.0164829,27.7798647],[-18.0164203,27.7798651],[-18.0164092,27.7798554],[-18.016456,27.7797773],[-18.0165012,27.7797322],[-18.0165035,27.7797043],[-18.0164868,27.779582],[-18.0164323,27.7795101],[-18.0164349,27.7793245],[-18.0165065,27.7792176],[-18.0166026,27.779125],[-18.0166758,27.7790118],[-18.0166554,27.7789302],[-18.0166111,27.7788598],[-18.016605,27.7787664],[-18.0165889,27.7787237],[-18.0165349,27.7786599],[-18.0164746,27.7786396],[-18.0164544,27.7786147],[-18.0164777,27.7785189],[-18.0165358,27.778408],[-18.0165788,27.7783623],[-18.0166027,27.7783057],[-18.0165791,27.7780469],[-18.0165389,27.7779432],[-18.0165338,27.7778682],[-18.0165634,27.7777629],[-18.0165578,27.7776291],[-18.0165719,27.7775905],[-18.0168341,27.7773914],[-18.0168815,27.777342],[-18.0169451,27.7772961],[-18.0170301,27.7772585],[-18.0171903,27.7772398],[-18.0175113,27.7772436],[-18.0175991,27.7772366],[-18.0176294,27.777218],[-18.0176444,27.7771236],[-18.0177323,27.7770177],[-18.017766,27.7770043],[-18.0177977,27.7769711],[-18.0178003,27.7769534],[-18.0177886,27.7769054],[-18.017743,27.7768279],[-18.017708,27.7766889],[-18.0177141,27.776558],[-18.0177857,27.7764344],[-18.0178532,27.7763997],[-18.0179104,27.7763862],[-18.0179342,27.7763696],[-18.017943,27.7763448],[-18.0179142,27.7760533],[-18.0179187,27.7759993],[-18.0179541,27.7759465],[-18.0179397,27.7757717],[-18.0179917,27.7757098],[-18.0180368,27.7756875],[-18.0180369,27.7756024],[-18.0180675,27.7755582],[-18.0181457,27.7755459],[-18.0182457,27.7755953],[-18.0183127,27.7755712],[-18.0182769,27.7754614],[-18.0184131,27.7753578],[-18.0184291,27.7753562],[-18.0184396,27.7753763],[-18.0184717,27.7753925],[-18.0185048,27.7754521],[-18.0185534,27.7754511],[-18.0185727,27.7754377],[-18.0185797,27.7753758],[-18.018545,27.7753084],[-18.0185462,27.7751711],[-18.0186238,27.7751051],[-18.0186941,27.7749858],[-18.0187961,27.7748733],[-18.0191091,27.774709],[-18.0191615,27.7746948],[-18.0192475,27.7745385],[-18.0198574,27.7741605],[-18.0200227,27.773996],[-18.0202931,27.7738192],[-18.0205529,27.7736211],[-18.0207,27.7735287],[-18.0210419,27.7732314],[-18.0211004,27.7731711],[-18.0211732,27.773056],[-18.0215919,27.7727579],[-18.0218143,27.7726284],[-18.0220574,27.7725195],[-18.0220927,27.7725796],[-18.0221431,27.7726349],[-18.0222111,27.7726379],[-18.0222921,27.7726555],[-18.0223134,27.7726376],[-18.0223128,27.7726166],[-18.0222346,27.7725353],[-18.0222213,27.772476],[-18.0222382,27.7724496],[-18.022371,27.7723837],[-18.0227205,27.7722449],[-18.0227627,27.7722156],[-18.0228469,27.7721572],[-18.023198,27.7720514],[-18.0233629,27.771955],[-18.0234749,27.7719489],[-18.023504,27.7719274],[-18.023516,27.7718958],[-18.0235118,27.7718591],[-18.0234844,27.7718184],[-18.0234961,27.7718024],[-18.0238473,27.771534],[-18.024003,27.7714375],[-18.0241927,27.7712825],[-18.0242588,27.7712118],[-18.0245299,27.7710475],[-18.0247707,27.7709256],[-18.0249903,27.7708316],[-18.0252564,27.770743],[-18.0254097,27.7706694],[-18.0254305,27.7706795],[-18.0254484,27.7707561],[-18.0254698,27.7707713],[-18.025502,27.7707696],[-18.0256087,27.7706953],[-18.0257592,27.7707796],[-18.0258204,27.7708062],[-18.0258463,27.7707989],[-18.0258456,27.7707492],[-18.0258233,27.7707143],[-18.025692,27.7706204],[-18.0256817,27.7705713],[-18.0257742,27.7704271],[-18.0258931,27.7703325],[-18.0260191,27.7702626],[-18.0261426,27.7702322],[-18.0264377,27.7702423],[-18.0265108,27.7702276],[-18.0265589,27.770217],[-18.0266819,27.7702525],[-18.0268109,27.770199],[-18.0267089,27.7700459],[-18.0267332,27.7700302],[-18.0267673,27.7700646],[-18.0267871,27.7701078],[-18.0269334,27.770248],[-18.0269963,27.7702676],[-18.0270267,27.7702604],[-18.0271252,27.7701306],[-18.0272103,27.7700466],[-18.0272722,27.7699606],[-18.0272938,27.7699491],[-18.027317,27.769949],[-18.0273952,27.7699969],[-18.0274658,27.7701057],[-18.0275081,27.7702268],[-18.0275299,27.7702513],[-18.0275572,27.7702596],[-18.0276175,27.7702525],[-18.0276326,27.77023],[-18.0276459,27.7700912],[-18.0276671,27.7700683],[-18.0276951,27.7700649],[-18.0277432,27.7701],[-18.0277858,27.7701629],[-18.0278439,27.7701959],[-18.0279226,27.770204],[-18.0281285,27.7701975],[-18.0282558,27.770214],[-18.0283754,27.7702059],[-18.0285135,27.7702334],[-18.0285416,27.7702231],[-18.0285761,27.7701897],[-18.0285991,27.7700066],[-18.0285915,27.7699847],[-18.0285788,27.7699658],[-18.0285199,27.7699359],[-18.0285357,27.769861],[-18.0285181,27.7698166],[-18.0284606,27.7697454],[-18.0284403,27.769733],[-18.0283385,27.7697192],[-18.0283234,27.7696256],[-18.0283315,27.769578],[-18.0283886,27.7695294],[-18.0284397,27.7695213],[-18.0284606,27.7694867],[-18.0284151,27.769415],[-18.0284166,27.7693022],[-18.0283692,27.7691764],[-18.0283972,27.7691325],[-18.0285365,27.7689938],[-18.028672,27.768802],[-18.0287178,27.7687169],[-18.0287677,27.7686662],[-18.0287827,27.7686411],[-18.0287905,27.7685673],[-18.0288054,27.7685472],[-18.0288774,27.7685095],[-18.0289434,27.7684937],[-18.0290566,27.7684919],[-18.0292931,27.7687003],[-18.0293635,27.768714],[-18.029496,27.7687142],[-18.0295209,27.7687055],[-18.0295334,27.7686869],[-18.0295295,27.7686641],[-18.029482,27.7685704],[-18.0294817,27.7685177],[-18.0295439,27.768411],[-18.0295441,27.7682857],[-18.0295155,27.7682272],[-18.0293972,27.7681557],[-18.029396,27.7681406],[-18.0294511,27.7681287],[-18.0295522,27.7681397],[-18.0297797,27.7681374],[-18.0298068,27.768118],[-18.0297909,27.768053],[-18.0298027,27.7680399],[-18.029855,27.7680535],[-18.0299518,27.768103],[-18.0300164,27.7681028],[-18.0302144,27.7680054],[-18.0302655,27.7679415],[-18.0303075,27.7679622],[-18.0303277,27.7679488],[-18.0303334,27.7679275],[-18.0302812,27.7677898],[-18.0302542,27.7677337],[-18.0301622,27.7676631],[-18.0301656,27.7676496],[-18.0302126,27.76765],[-18.0302437,27.7676656],[-18.0303617,27.7677371],[-18.0304205,27.7677919],[-18.0304796,27.7678161],[-18.0304959,27.7678023],[-18.0305087,27.7676889],[-18.0305367,27.7676447],[-18.0305452,27.7675423],[-18.0305922,27.7674291],[-18.030609,27.7674122],[-18.03065,27.7674115],[-18.0306843,27.7674462],[-18.0307245,27.767451],[-18.030763,27.7673786],[-18.030776,27.7673186],[-18.03091,27.7672673],[-18.0310236,27.7671428],[-18.0310676,27.7671085],[-18.031158,27.7670752],[-18.0313341,27.7669184],[-18.0313934,27.766952],[-18.0314594,27.7669531],[-18.0315903,27.7669029],[-18.0319267,27.7668265],[-18.0320288,27.7669313],[-18.0321321,27.7669711],[-18.0321763,27.7670117],[-18.0323152,27.7670474],[-18.0324291,27.7671363],[-18.0325726,27.7671907],[-18.0325913,27.7671756],[-18.0325925,27.7671565],[-18.032541,27.767061],[-18.0325554,27.7669058],[-18.0325449,27.7668851],[-18.0324906,27.7668665],[-18.032445,27.7667997],[-18.0324396,27.7667548],[-18.0324125,27.7666979],[-18.0323357,27.7666061],[-18.0323284,27.7664443],[-18.0323652,27.7662206],[-18.0323771,27.7661988],[-18.0324223,27.7661717],[-18.0324385,27.7661426],[-18.0324769,27.765933],[-18.0325055,27.7658631],[-18.0325346,27.7658631],[-18.0325512,27.7658941],[-18.0326115,27.7658829],[-18.0326449,27.7658618],[-18.0327007,27.7657872],[-18.0327189,27.7657964],[-18.0327637,27.7658738],[-18.0328403,27.7658857],[-18.0329062,27.765838],[-18.0329312,27.765786],[-18.032939,27.7656796],[-18.0329526,27.7656642],[-18.0330045,27.765674],[-18.0330837,27.7657424],[-18.0331476,27.7657732],[-18.0332533,27.7657916],[-18.0333738,27.7658539],[-18.0334346,27.7658463],[-18.0334543,27.7658266],[-18.0334555,27.7657778],[-18.0334129,27.7657143],[-18.0333628,27.7656815],[-18.0333309,27.7656321],[-18.0333492,27.7656199],[-18.0334416,27.7656102],[-18.0335262,27.7655371],[-18.0335293,27.7653966],[-18.0334855,27.7653215],[-18.0334869,27.7652933],[-18.0335467,27.7651569],[-18.0335783,27.7650181],[-18.0337104,27.7648574],[-18.0337376,27.764853],[-18.0338363,27.7648936],[-18.0339503,27.7648969],[-18.0340128,27.7648628],[-18.0340725,27.7648483],[-18.0341259,27.7648648],[-18.0341558,27.7648608],[-18.0341782,27.7648423],[-18.0341706,27.7647919],[-18.0340868,27.7647246],[-18.0341373,27.7646809],[-18.0341488,27.7646558],[-18.0341626,27.7645553],[-18.0341312,27.7644887],[-18.0340536,27.7644239],[-18.0340546,27.7643596],[-18.0340263,27.7643142],[-18.0340309,27.7642981],[-18.0340475,27.7642958],[-18.0341433,27.7643581],[-18.0342053,27.7643626],[-18.0342726,27.7643456],[-18.0343636,27.7642615],[-18.0344451,27.7642555],[-18.0344845,27.7642024],[-18.0345862,27.7641629],[-18.034606,27.7641447],[-18.0346398,27.7640027],[-18.0348068,27.7638719],[-18.0348328,27.7638596],[-18.0349227,27.7638544],[-18.035184,27.763804],[-18.0354546,27.7636517],[-18.0354826,27.7636098],[-18.0354235,27.7635461],[-18.0354135,27.7635194],[-18.0354236,27.763473],[-18.0354688,27.7634068],[-18.0354805,27.763351],[-18.0354797,27.7633045],[-18.0354295,27.7631847],[-18.0354641,27.7630909],[-18.0355408,27.763066],[-18.0355946,27.7630263],[-18.0356786,27.7629292],[-18.0357139,27.7628633],[-18.0357256,27.7627479],[-18.0357438,27.7627427],[-18.035765,27.7627537],[-18.0358347,27.7628188],[-18.0358857,27.762849],[-18.0359074,27.7628417],[-18.0359147,27.7626946],[-18.0358985,27.762655],[-18.0358487,27.7625941],[-18.0358806,27.7625475],[-18.0359742,27.762478],[-18.036126,27.7623156],[-18.0363751,27.7621223],[-18.0365629,27.7620263],[-18.0367006,27.7619793],[-18.0368905,27.7619474],[-18.0369664,27.7619487],[-18.0370256,27.7619618],[-18.0373218,27.7619793],[-18.0374635,27.7620296],[-18.0376078,27.761998],[-18.0378065,27.7620446],[-18.0379414,27.7620602],[-18.0380991,27.7621407],[-18.0383573,27.762138],[-18.0384258,27.7621255],[-18.0385346,27.762212],[-18.0386661,27.7623541],[-18.0387282,27.76247],[-18.0387717,27.7624834],[-18.038821,27.7624354],[-18.0388673,27.7623261],[-18.0389142,27.762257],[-18.0390052,27.7621777],[-18.0390378,27.7621078],[-18.0393067,27.7620773],[-18.0393228,27.7620895],[-18.0393378,27.7621794],[-18.0393599,27.7621989],[-18.0393944,27.762198],[-18.0394505,27.7621483],[-18.0395246,27.761984],[-18.0395381,27.7619835],[-18.0395474,27.7620163],[-18.0395252,27.762162],[-18.0395326,27.7622023],[-18.0395819,27.7622457],[-18.0396315,27.7622354],[-18.0398018,27.7621083],[-18.0399002,27.7620597],[-18.0399514,27.7620491],[-18.0400548,27.7620277],[-18.0400629,27.7620762],[-18.0401093,27.7621042],[-18.0402248,27.7620328],[-18.0402933,27.7620383],[-18.0403337,27.7620064],[-18.0403371,27.7619823],[-18.0403104,27.7618474],[-18.0403204,27.7618256],[-18.0403866,27.7617865],[-18.0408668,27.7615593],[-18.0413718,27.7613499],[-18.0415958,27.7612793],[-18.0416876,27.761289],[-18.0417285,27.7612933],[-18.0417983,27.7612475],[-18.0418705,27.7612466],[-18.0418993,27.7612611],[-18.0419412,27.7613134],[-18.0419826,27.7613206],[-18.0420351,27.761281],[-18.0420429,27.7612409],[-18.0420597,27.7612236],[-18.0420927,27.7612123],[-18.0425398,27.7611441],[-18.0426077,27.7611438],[-18.0433561,27.761225],[-18.043701,27.7612404],[-18.0440781,27.7612138],[-18.0443391,27.7611621],[-18.0443963,27.7612449],[-18.0444238,27.7612606],[-18.0444522,27.7612609],[-18.0444739,27.7612354],[-18.0444483,27.7611246],[-18.0444604,27.7611033],[-18.0447711,27.7610168],[-18.0449129,27.7610056],[-18.0449506,27.7610118],[-18.0449936,27.7610533],[-18.045011,27.7612506],[-18.0450282,27.761292],[-18.0450609,27.7613165],[-18.0451444,27.7613323],[-18.0451777,27.7613095],[-18.0452774,27.7611636],[-18.0453017,27.7611417],[-18.0453207,27.7611449],[-18.0453277,27.7611942],[-18.0453031,27.7612706],[-18.0453069,27.7613961],[-18.045349,27.7614604],[-18.0454108,27.7614662],[-18.0454514,27.7614105],[-18.0454985,27.7611112],[-18.0455062,27.7610794],[-18.045529,27.7610539],[-18.0455568,27.7610468],[-18.0456039,27.7610929],[-18.045618,27.761365],[-18.0456431,27.7613894],[-18.0456886,27.7613907],[-18.0457538,27.7613446],[-18.0457725,27.7613093],[-18.045829,27.7611659],[-18.0458436,27.7610479],[-18.0458197,27.7608879],[-18.0457524,27.7607302],[-18.0457891,27.7606734],[-18.0459207,27.7606419],[-18.0460314,27.7606402],[-18.0462944,27.7606048],[-18.0463753,27.7605635],[-18.0464874,27.7604726],[-18.0465261,27.7604601],[-18.0466169,27.7604613],[-18.0466523,27.7604783],[-18.0466919,27.7605351],[-18.0467317,27.7606899],[-18.0467726,27.7607595],[-18.0469199,27.7608346],[-18.0469536,27.7608389],[-18.0470418,27.7608142],[-18.0471263,27.7607631],[-18.0471807,27.760714],[-18.0472642,27.7607836],[-18.047317,27.760966],[-18.0473368,27.760996],[-18.0473687,27.7610076],[-18.0474061,27.7610012],[-18.0474328,27.7609778],[-18.047437,27.7609467],[-18.0474219,27.7608395],[-18.0473825,27.7607561],[-18.0473356,27.7607328],[-18.0473247,27.7607095],[-18.0473729,27.7605964],[-18.0473736,27.7605151],[-18.047339,27.7604069],[-18.0472406,27.760264],[-18.0472179,27.7602041],[-18.0472453,27.7601516],[-18.0473332,27.760096],[-18.0476426,27.7600048],[-18.0477445,27.7600061],[-18.0478068,27.7600384],[-18.0478103,27.7600679],[-18.0477861,27.7601327],[-18.04779,27.7601846],[-18.0478522,27.7602502],[-18.0478917,27.7602754],[-18.0479337,27.7602856],[-18.0479797,27.7602773],[-18.0480092,27.7602586],[-18.0479974,27.7601858],[-18.0479506,27.7600976],[-18.0479574,27.7600714],[-18.0480052,27.7600383],[-18.0480884,27.7600206],[-18.0484511,27.7600668],[-18.0487372,27.7600847],[-18.0489291,27.7601226],[-18.0489985,27.7601569],[-18.0490521,27.7602009],[-18.0491086,27.7602189],[-18.0492912,27.7602394],[-18.0493327,27.7602351],[-18.0496969,27.7601383],[-18.0497245,27.7601226],[-18.0497588,27.7600615],[-18.0497579,27.7599486],[-18.0497984,27.7598196],[-18.0498483,27.7597475],[-18.0498832,27.7597203],[-18.0499668,27.7596928],[-18.0500408,27.7596971],[-18.0500889,27.7597156],[-18.0501118,27.7597395],[-18.0502097,27.759949],[-18.0502699,27.7600144],[-18.0503765,27.7600751],[-18.0504776,27.7601086],[-18.050544,27.7601447],[-18.0505648,27.7601303],[-18.0505629,27.7601033],[-18.0504938,27.7600231],[-18.050327,27.7599234],[-18.0502749,27.7598706],[-18.050229,27.7596956],[-18.0502426,27.7596255],[-18.0502915,27.7595525],[-18.0504732,27.7593922],[-18.0506278,27.7592949],[-18.0508736,27.7591954],[-18.0512681,27.7591244],[-18.0514204,27.7591208],[-18.0515482,27.7591457],[-18.0515986,27.7591951],[-18.0516369,27.7592633],[-18.0516583,27.7592719],[-18.0517589,27.7591934],[-18.051797,27.7590884],[-18.0518649,27.7590474],[-18.0523513,27.7588955],[-18.0524058,27.7589174],[-18.0524435,27.7589967],[-18.0524654,27.759009],[-18.0524907,27.7590017],[-18.0525087,27.7589804],[-18.0525177,27.7589166],[-18.0525154,27.7588866],[-18.0524669,27.7588238],[-18.0524625,27.7587993],[-18.052481,27.7587813],[-18.052508,27.7587807],[-18.0526403,27.7588331],[-18.0527279,27.75898],[-18.0527651,27.7590142],[-18.0529271,27.7590987],[-18.0529761,27.7591156],[-18.053067,27.7591171],[-18.0531345,27.7591486],[-18.0531716,27.7591333],[-18.0532076,27.759097],[-18.0532119,27.7590222],[-18.053188,27.758916],[-18.0531995,27.758815],[-18.0532519,27.7587645],[-18.0532919,27.7587453],[-18.054133,27.7586734],[-18.0541915,27.7586752],[-18.0543246,27.7587181],[-18.0543618,27.7587116],[-18.0543934,27.7586863],[-18.0544664,27.7585845],[-18.0546499,27.7585338],[-18.0546767,27.7585473],[-18.0546867,27.7585743],[-18.054683,27.7586574],[-18.0546983,27.7587272],[-18.0547427,27.7587749],[-18.0548239,27.7588183],[-18.054893,27.7588757],[-18.0549863,27.7590031],[-18.0550537,27.7590131],[-18.0550849,27.7590051],[-18.0551041,27.7589776],[-18.0551199,27.7588717],[-18.0551611,27.7588125],[-18.0551897,27.758797],[-18.0552822,27.75882],[-18.0553454,27.7588642],[-18.0554309,27.7589026],[-18.0554483,27.7589272],[-18.0554687,27.7590085],[-18.0555009,27.7590381],[-18.0555374,27.7590485],[-18.0555648,27.7590258],[-18.0555792,27.7589866],[-18.055582,27.7588556],[-18.0555451,27.758792],[-18.0555237,27.7587819],[-18.055478,27.7587875],[-18.0554633,27.7587658],[-18.055435,27.7586729],[-18.0553651,27.7585266],[-18.0553741,27.7584972],[-18.0555174,27.7583991],[-18.0556116,27.7583169],[-18.0557298,27.7582606],[-18.0558647,27.7582153],[-18.0560104,27.7581806],[-18.0562363,27.7581603],[-18.0566031,27.7581477],[-18.0567238,27.7581746],[-18.0568038,27.7581084],[-18.0568992,27.758077],[-18.057004,27.7580491],[-18.0571989,27.7580495],[-18.0572536,27.7580117],[-18.0572801,27.7580327],[-18.0573134,27.7581118],[-18.0573752,27.7581425],[-18.0574024,27.758133],[-18.0574119,27.758107],[-18.0573982,27.7579856],[-18.0574122,27.7579682],[-18.0574697,27.75796],[-18.0575136,27.7579974],[-18.0576133,27.7581525],[-18.0576614,27.7581895],[-18.0581451,27.7582725],[-18.05818,27.7582632],[-18.0582117,27.758241],[-18.0582345,27.7582158],[-18.0582511,27.7581493],[-18.0582313,27.7580598],[-18.0582376,27.7580264],[-18.0583232,27.757916],[-18.0583372,27.7578647],[-18.0583942,27.7578415],[-18.0584315,27.7578049],[-18.0584416,27.7577304],[-18.0584169,27.7575808],[-18.0584512,27.7574535],[-18.0585141,27.7573245],[-18.0585205,27.7572338],[-18.0584616,27.7569756],[-18.0584622,27.7567646],[-18.0584768,27.7567439],[-18.0585858,27.7566784],[-18.0588107,27.7565806],[-18.0591341,27.7564635],[-18.0593068,27.7564231],[-18.0593993,27.7564349],[-18.0595022,27.756585],[-18.059541,27.7566109],[-18.0595882,27.7566148],[-18.0596486,27.7565964],[-18.0597224,27.7565399],[-18.0598725,27.7562112],[-18.0599233,27.7561625],[-18.0599927,27.7561305],[-18.0600628,27.7560383],[-18.060405,27.755954],[-18.0609537,27.7557336],[-18.0610524,27.7557355],[-18.0612487,27.7558059],[-18.0613584,27.7558227],[-18.0614823,27.7558601],[-18.0615322,27.7558583],[-18.0615704,27.7558289],[-18.0615886,27.7557878],[-18.061603,27.7555662],[-18.0616252,27.7555315],[-18.0616575,27.7555208],[-18.0616903,27.7555364],[-18.0617169,27.7555668],[-18.0617716,27.7556799],[-18.0618387,27.7557347],[-18.061882,27.7557452],[-18.0619218,27.7557372],[-18.0619718,27.7556629],[-18.0620075,27.7556562],[-18.0621804,27.7557062],[-18.062287,27.7557007],[-18.0623654,27.7556313],[-18.0623964,27.7555498],[-18.0623969,27.7555101],[-18.0623332,27.755452],[-18.0623296,27.7554214],[-18.0623409,27.7554134],[-18.0625808,27.7553576],[-18.063013,27.7552095],[-18.0631065,27.755188],[-18.0631356,27.755202],[-18.0631572,27.7552378],[-18.0631742,27.7553426],[-18.0631956,27.7553821],[-18.0632302,27.755406],[-18.0632712,27.7554058],[-18.0633526,27.7553576],[-18.0634216,27.7552427],[-18.0635095,27.7551954],[-18.0636269,27.7551031],[-18.0636917,27.7549931],[-18.0637588,27.7549108],[-18.0639803,27.7547727],[-18.064356,27.7545992],[-18.0645748,27.7545447],[-18.0647969,27.754527],[-18.0651893,27.754468],[-18.0652643,27.7544639],[-18.0653693,27.7544809],[-18.0654945,27.754481],[-18.0657591,27.7544284],[-18.065995,27.754372],[-18.0670607,27.7540188],[-18.0671361,27.7540077],[-18.0674208,27.754029],[-18.0676219,27.7540265],[-18.0680723,27.7539568],[-18.0684577,27.7538544],[-18.0688273,27.7537311],[-18.0690509,27.7536436],[-18.0692978,27.7535868],[-18.0694494,27.7535347],[-18.0695635,27.7534763],[-18.0697359,27.7533447],[-18.0699035,27.7532497],[-18.0700211,27.7531884],[-18.0701281,27.7531531],[-18.0704589,27.7531674],[-18.0704979,27.7531878],[-18.0705208,27.7532226],[-18.0705492,27.7533075],[-18.0705748,27.7533456],[-18.0706212,27.7533617],[-18.070678,27.7533585],[-18.0707182,27.7533213],[-18.0707658,27.7531403],[-18.070791,27.7531087],[-18.0708287,27.7531042],[-18.0709575,27.7531628],[-18.071069,27.7533627],[-18.0711279,27.7534382],[-18.0711945,27.7534875],[-18.0712649,27.7534893],[-18.0713178,27.7534683],[-18.0714028,27.7533954],[-18.0714597,27.7532785],[-18.0715337,27.7531846],[-18.0715478,27.7531203],[-18.0715127,27.7530249],[-18.0715132,27.7530011],[-18.0715337,27.7529844],[-18.071616,27.7530103],[-18.0716663,27.7529867],[-18.0716918,27.7529895],[-18.0718086,27.7531147],[-18.0718386,27.7531261],[-18.0718792,27.7530968],[-18.071899,27.7531009],[-18.0719507,27.7532573],[-18.07198,27.7532893],[-18.0720208,27.7533087],[-18.0721114,27.7533201],[-18.072165,27.7533077],[-18.0722299,27.7532334],[-18.072242,27.7531768],[-18.0722034,27.7530898],[-18.0722072,27.7530315],[-18.0722514,27.752999],[-18.072329,27.7529889],[-18.0723849,27.7529376],[-18.0724082,27.7529407],[-18.0724494,27.7529911],[-18.0725147,27.7531702],[-18.0725383,27.7531995],[-18.0726155,27.7532059],[-18.0726817,27.753162],[-18.0728856,27.7529276],[-18.0729708,27.752889],[-18.0735335,27.7528882],[-18.0736515,27.7528941],[-18.073838,27.7529284],[-18.0739645,27.7528714],[-18.0742271,27.7528375],[-18.0744148,27.7529246],[-18.0744389,27.7529458],[-18.0744519,27.7530284],[-18.0744875,27.7530881],[-18.0745473,27.7531058],[-18.0746138,27.7531544],[-18.0746501,27.7531572],[-18.0747791,27.7530854],[-18.0748446,27.7530921],[-18.0748715,27.7530723],[-18.0749397,27.7529469],[-18.0749914,27.7529386],[-18.0750714,27.7530147],[-18.0751426,27.7531148],[-18.0751869,27.7533561],[-18.0752074,27.7534109],[-18.0752601,27.7534878],[-18.0753754,27.7535798],[-18.0754225,27.7535991],[-18.0754656,27.7536015],[-18.0755202,27.7535815],[-18.075554,27.7535534],[-18.0755853,27.7534812],[-18.0755991,27.7531932],[-18.0755725,27.7530952],[-18.0755921,27.7530485],[-18.0756519,27.7530422],[-18.0756687,27.7530536],[-18.0756457,27.753234],[-18.0756916,27.7533151],[-18.0757173,27.7533912],[-18.0757451,27.7534046],[-18.0757665,27.7533887],[-18.0757964,27.7533211],[-18.0758211,27.7533169],[-18.0759361,27.7534198],[-18.0760179,27.7535502],[-18.0760466,27.7535583],[-18.0760742,27.7535429],[-18.0761096,27.7534953],[-18.0761188,27.7534037],[-18.0761041,27.7533379],[-18.0759968,27.7531442],[-18.075997,27.7531055],[-18.0760608,27.7530759],[-18.076307,27.7530048],[-18.076405,27.7530259],[-18.076513,27.7529857],[-18.0769809,27.7529027],[-18.0770574,27.7529114],[-18.0770957,27.7529283],[-18.0772236,27.7530529],[-18.0772593,27.7530727],[-18.0772953,27.7530746],[-18.0773573,27.7529804],[-18.0775784,27.7529853],[-18.0776318,27.7530215],[-18.0776965,27.7529844],[-18.078165,27.7530131],[-18.0782762,27.753045],[-18.078522,27.7531601],[-18.0786988,27.7532271],[-18.078848,27.7532382],[-18.0790527,27.7532318],[-18.0791406,27.7532543],[-18.0791812,27.7532847],[-18.0792654,27.75331],[-18.0794013,27.7533158],[-18.079475,27.7533388],[-18.0796914,27.7533698],[-18.0804137,27.7533873],[-18.0806849,27.7533474],[-18.0811422,27.7533066],[-18.0814784,27.7532323],[-18.0814903,27.7532297],[-18.0816017,27.7532228],[-18.0816174,27.7532422],[-18.0816341,27.7533154],[-18.0816717,27.7533728],[-18.0817235,27.7534092],[-18.0817877,27.7534219],[-18.0818569,27.7534694],[-18.0818856,27.7534698],[-18.0819074,27.7534548],[-18.081892,27.7533826],[-18.0818938,27.7533129],[-18.0819037,27.7532562],[-18.0819299,27.7532089],[-18.0821009,27.7531561],[-18.082202,27.753149],[-18.0823032,27.7531579],[-18.0823785,27.7531506],[-18.0824361,27.753145],[-18.0824895,27.7531583],[-18.0826732,27.7532492],[-18.0828059,27.7532659],[-18.0830193,27.7532703],[-18.0830538,27.7532824],[-18.0830827,27.7533096],[-18.0831146,27.7534053],[-18.0831658,27.7534891],[-18.0832054,27.7535216],[-18.0832435,27.7535293],[-18.0832806,27.753414],[-18.0833109,27.7534002],[-18.0836063,27.7534504],[-18.083763,27.753509],[-18.0838005,27.7535098],[-18.0838722,27.7534764],[-18.0839146,27.7535205],[-18.083936,27.7536261],[-18.0839676,27.7536857],[-18.0841536,27.7538083],[-18.0841785,27.7537977],[-18.084197,27.7537689],[-18.084186,27.7536616],[-18.0841894,27.7536369],[-18.0842109,27.7536247],[-18.0842826,27.7536277],[-18.0844641,27.7537192],[-18.0844936,27.7537161],[-18.0845348,27.7536848],[-18.0845544,27.753694],[-18.0846179,27.7538679],[-18.0847173,27.7539884],[-18.0847293,27.7540521],[-18.0847698,27.7541178],[-18.0848212,27.754256],[-18.0848704,27.7542857],[-18.0849297,27.7542717],[-18.0848769,27.7540902],[-18.0848789,27.7540077],[-18.0849137,27.7539293],[-18.0849585,27.7538756],[-18.0850215,27.7538352],[-18.085116,27.7538133],[-18.0853813,27.7538131],[-18.0859339,27.753878],[-18.0860594,27.7539001],[-18.0864281,27.7539652],[-18.086471,27.7539823],[-18.0865025,27.7540042],[-18.086526,27.7540643],[-18.086565,27.7541134],[-18.0867011,27.7541036],[-18.0867246,27.7541219],[-18.0867194,27.7541505],[-18.0866492,27.7542123],[-18.0866407,27.7542368],[-18.0866504,27.7543195],[-18.0866821,27.7543491],[-18.0867778,27.7543792],[-18.0868002,27.7544002],[-18.0868911,27.7545829],[-18.087074,27.7546761],[-18.0871212,27.7546883],[-18.0871862,27.7546811],[-18.0874554,27.7545243],[-18.0876295,27.7544728],[-18.0877474,27.7544581],[-18.0878581,27.7544457],[-18.0879476,27.7544592],[-18.0879743,27.7544489],[-18.088033,27.7543653],[-18.0880709,27.7543645],[-18.0880957,27.7543828],[-18.088167,27.7545091],[-18.0882085,27.7546713],[-18.0882389,27.754735],[-18.0882926,27.754786],[-18.0884643,27.7548744],[-18.0884907,27.7548982],[-18.0885451,27.7549951],[-18.088597,27.7551506],[-18.0886139,27.7551798],[-18.0886686,27.7552233],[-18.0888024,27.7552485],[-18.0888813,27.755247],[-18.0889153,27.7552351],[-18.0890369,27.7551133],[-18.0891539,27.755032],[-18.0892265,27.7549215],[-18.0892725,27.7548953],[-18.0893367,27.7548953],[-18.0894618,27.7549512],[-18.0895332,27.7549507],[-18.0896677,27.7550244],[-18.0897518,27.7550938],[-18.0899414,27.7551995],[-18.0900337,27.7552227],[-18.0901403,27.7553276],[-18.0902194,27.7553362],[-18.0902857,27.7554304],[-18.0903294,27.7554544],[-18.0903969,27.7555186],[-18.0904252,27.755525],[-18.0905361,27.7555208],[-18.0906139,27.7554909],[-18.0906511,27.7554715],[-18.090711,27.7554134],[-18.0907816,27.7552873],[-18.0907979,27.7550071],[-18.0909087,27.7547926],[-18.0909084,27.7546867],[-18.0909256,27.7546619],[-18.090984,27.7546253],[-18.0910952,27.7545981],[-18.0911704,27.7546005],[-18.091204,27.7546135],[-18.0912865,27.7546766],[-18.0915104,27.7545965],[-18.0917322,27.7546064],[-18.0918537,27.7546325],[-18.0923783,27.7548236],[-18.0925129,27.754841],[-18.0925259,27.7548646],[-18.0925042,27.7549178],[-18.0925059,27.7549499],[-18.0925233,27.7549736],[-18.0925533,27.754987],[-18.0926368,27.7549779],[-18.0926807,27.754952],[-18.0928144,27.7549584],[-18.0929008,27.7549143],[-18.0933712,27.7549322],[-18.0933997,27.7549444],[-18.0934583,27.7550089],[-18.0936072,27.7550046],[-18.0937067,27.7550719],[-18.0937539,27.7551471],[-18.0937951,27.7552744],[-18.0938408,27.7553598],[-18.0938791,27.7554111],[-18.093905,27.7554271],[-18.0939725,27.7554284],[-18.0939987,27.7554161],[-18.0940315,27.7553277],[-18.0940791,27.755277],[-18.0941277,27.755246],[-18.0942242,27.7552289],[-18.0943128,27.7552339],[-18.0944576,27.7551991],[-18.0944991,27.7552026],[-18.0945829,27.7552429],[-18.0946567,27.755316],[-18.0946784,27.7553374],[-18.0947003,27.7553472],[-18.0947521,27.7553319],[-18.09478,27.7553358],[-18.094824,27.7553904],[-18.094848,27.755397],[-18.0949018,27.7553826],[-18.0950293,27.7554611],[-18.0950998,27.7554667],[-18.0951701,27.7554321],[-18.0952954,27.755451],[-18.0953476,27.7554224],[-18.0953916,27.755425],[-18.0954378,27.7554516],[-18.0954894,27.7555085],[-18.0955396,27.7554843],[-18.0955927,27.7554891],[-18.0956081,27.755541],[-18.0956363,27.7555552],[-18.0956878,27.7555502],[-18.0957432,27.7555185],[-18.0958657,27.7555111],[-18.0960002,27.7555447],[-18.0963945,27.7555467],[-18.0966686,27.7554682],[-18.0967618,27.7554684],[-18.0968896,27.7555],[-18.0970748,27.7555747],[-18.097219,27.7556722],[-18.0973775,27.7558091],[-18.0974267,27.7558312],[-18.0975093,27.7558432],[-18.0976641,27.7558232],[-18.0978496,27.7558411],[-18.098125,27.7560089],[-18.0981683,27.7560089],[-18.0983531,27.7559477],[-18.0984007,27.7559462],[-18.0984784,27.7559785],[-18.0985103,27.7559979],[-18.098593,27.7561778],[-18.0986238,27.7564056],[-18.0986129,27.7565728],[-18.0986469,27.7566024],[-18.0986818,27.756615],[-18.0987585,27.7566087],[-18.0987935,27.7565902],[-18.099061,27.7562926],[-18.0991094,27.7563432],[-18.0992024,27.7563562],[-18.0993408,27.7563205],[-18.0994676,27.7562825],[-18.0996715,27.7562643],[-18.0997057,27.7562756],[-18.0998608,27.7564414],[-18.0999939,27.7565253],[-18.1000796,27.7564947],[-18.100128,27.75651],[-18.100182,27.7564838],[-18.1002751,27.7564078],[-18.1003046,27.7564043],[-18.1006193,27.756588],[-18.1006815,27.7565918],[-18.1007024,27.7565192],[-18.1007498,27.7564861],[-18.1007832,27.7564791],[-18.1008594,27.7565162],[-18.100891,27.756516],[-18.1009199,27.7565004],[-18.100934,27.7563718],[-18.100956,27.7563758],[-18.1010798,27.7564668],[-18.1012971,27.7565889],[-18.1013718,27.7565994],[-18.1014045,27.7565829],[-18.1014203,27.7565599],[-18.1014215,27.756485],[-18.1014049,27.7563952],[-18.1014291,27.756368],[-18.1014929,27.7563718],[-18.1016696,27.7564715],[-18.1017013,27.7564561],[-18.1017067,27.7563506],[-18.1017152,27.7563234],[-18.1017411,27.7563037],[-18.1022394,27.756217],[-18.1023895,27.7562006],[-18.1024853,27.7561566],[-18.1025808,27.7561353],[-18.1026232,27.756172],[-18.1026429,27.7562477],[-18.1026683,27.7562864],[-18.1027991,27.7563678],[-18.1028288,27.7564072],[-18.1028351,27.7564638],[-18.1028214,27.7564986],[-18.1027394,27.7566067],[-18.1027696,27.756703],[-18.1028537,27.7568048],[-18.102996,27.7570847],[-18.1030225,27.7570981],[-18.1030571,27.757098],[-18.1030884,27.7570879],[-18.1031048,27.7570632],[-18.1031134,27.7569825],[-18.1030973,27.7568151],[-18.1031476,27.7567024],[-18.1031483,27.7566416],[-18.1030751,27.7565292],[-18.1030762,27.7564627],[-18.1031091,27.7564106],[-18.1031628,27.7563921],[-18.1032225,27.7563886],[-18.1032962,27.7564022],[-18.1033992,27.7564595],[-18.1034999,27.7564903],[-18.1035301,27.7565085],[-18.103617,27.756608],[-18.1036477,27.7566131],[-18.1036744,27.7565982],[-18.1037228,27.7565336],[-18.1038262,27.7565296],[-18.1038923,27.7565445],[-18.1039202,27.7565625],[-18.1039609,27.7566378],[-18.1039962,27.7566502],[-18.104064,27.7566388],[-18.1040973,27.7566105],[-18.1042639,27.7566226],[-18.104314,27.7566527],[-18.1043542,27.7567463],[-18.1044111,27.7567866],[-18.1044424,27.7567759],[-18.1044698,27.75675],[-18.1045172,27.7566674],[-18.1045598,27.7566373],[-18.1046482,27.7566237],[-18.1047709,27.7565791],[-18.1048003,27.7565831],[-18.1049012,27.7566487],[-18.1049436,27.7566517],[-18.1050334,27.756615],[-18.1051181,27.7565294],[-18.1051567,27.7565201],[-18.1052,27.7565205],[-18.1052326,27.7565323],[-18.1052436,27.756549],[-18.1052439,27.7565523],[-18.1052506,27.7566357],[-18.1053106,27.7566704],[-18.1054045,27.7566741],[-18.105451,27.7566634],[-18.1055386,27.7566051],[-18.1055827,27.7565976],[-18.105635,27.7566055],[-18.1059782,27.7567322],[-18.1063231,27.7569664],[-18.1063755,27.7569919],[-18.1065964,27.7570587],[-18.106679,27.7570872],[-18.106795,27.7571553],[-18.1069929,27.7573204],[-18.1073069,27.757434],[-18.1076066,27.757594],[-18.1077751,27.7577537],[-18.1078493,27.7578043],[-18.1084246,27.7578857],[-18.1086274,27.7579285],[-18.108884,27.7579652],[-18.1090875,27.7580149],[-18.1092888,27.7580862],[-18.1093185,27.7581038],[-18.1093592,27.7581649],[-18.1093282,27.7583982],[-18.1093389,27.7584436],[-18.1094028,27.7585599],[-18.109439,27.7585646],[-18.1094738,27.7585468],[-18.1095738,27.7584317],[-18.109658,27.7584387],[-18.1097976,27.7584858],[-18.1098363,27.7584664],[-18.1099197,27.7583431],[-18.1100553,27.7581934],[-18.1101989,27.7580975],[-18.1102834,27.7580927],[-18.1103377,27.758129],[-18.1103542,27.7581734],[-18.1103077,27.7582051],[-18.1101821,27.7583299],[-18.1101484,27.7584],[-18.1101482,27.7584367],[-18.1103003,27.7587054],[-18.1103566,27.7587621],[-18.1104182,27.7587686],[-18.1104434,27.758755],[-18.1104768,27.7587089],[-18.1104852,27.7586155],[-18.1105071,27.7586084],[-18.1105274,27.7586264],[-18.1105412,27.7587023],[-18.1105035,27.7588146],[-18.1105035,27.7588501],[-18.1105138,27.7588795],[-18.1105409,27.7588963],[-18.1105981,27.7588981],[-18.1106449,27.7588809],[-18.1106743,27.758852],[-18.1107007,27.7587677],[-18.1107115,27.7586087],[-18.110841,27.7585994],[-18.1110924,27.7586708],[-18.1112712,27.7586562],[-18.1113048,27.7586689],[-18.1113337,27.758706],[-18.1114019,27.7588887],[-18.1114719,27.7590326],[-18.1115924,27.7591582],[-18.1117521,27.7592637],[-18.111789,27.7592762],[-18.1118382,27.7592636],[-18.1118623,27.7592381],[-18.111909,27.7591272],[-18.1119685,27.7590973],[-18.112033,27.7591076],[-18.1122589,27.7591965],[-18.1123475,27.7592626],[-18.1123294,27.7593924],[-18.1123448,27.7594645],[-18.1123688,27.7594702],[-18.1124203,27.7594436],[-18.1124666,27.759354],[-18.1124993,27.7593299],[-18.1125544,27.7593397],[-18.112646,27.7594062],[-18.1126807,27.7594093],[-18.1127777,27.7593878],[-18.1130136,27.7592793],[-18.1131407,27.7592645],[-18.113256,27.7592633],[-18.1132925,27.7592741],[-18.1133286,27.7593016],[-18.113338,27.7593307],[-18.1133303,27.7593619],[-18.11327,27.7594507],[-18.113253,27.7595648],[-18.1132777,27.7596912],[-18.1132681,27.7597974],[-18.113288,27.7598266],[-18.1133225,27.7598374],[-18.1133574,27.7598302],[-18.1134877,27.759629],[-18.1135775,27.75946],[-18.1136092,27.7593398],[-18.1136338,27.7593198],[-18.1136594,27.7593107],[-18.1136805,27.7593165],[-18.1140902,27.7594716],[-18.1143106,27.7595751],[-18.1145757,27.7597284],[-18.1147275,27.7598425],[-18.1149863,27.760088],[-18.1151398,27.7601781],[-18.1152583,27.7602176],[-18.1160284,27.7603812],[-18.1161895,27.7604552],[-18.116425,27.760647],[-18.1164848,27.7607181],[-18.1165471,27.7608405],[-18.1166392,27.7609693],[-18.1167782,27.7610744],[-18.1170097,27.7612956],[-18.1170885,27.761354],[-18.1172694,27.7614353],[-18.1174546,27.761551],[-18.1175475,27.7615918],[-18.1179868,27.7617204],[-18.1183079,27.7617872],[-18.1183841,27.7618248],[-18.1184858,27.761905],[-18.1187407,27.7620251],[-18.1188399,27.7621281],[-18.118886,27.7622448],[-18.11901,27.7624394],[-18.119418,27.762949],[-18.1196459,27.7633025],[-18.1197356,27.7633659],[-18.1197343,27.7634141],[-18.1197215,27.7634362],[-18.119642,27.763514],[-18.1196506,27.7635727],[-18.1196719,27.763586],[-18.1196992,27.7635854],[-18.1197382,27.7635593],[-18.119801,27.7635451],[-18.119845,27.7635121],[-18.119867,27.7634683],[-18.1198827,27.7634694],[-18.1200571,27.7636456],[-18.1200901,27.7637033],[-18.1200925,27.7637941],[-18.1201194,27.7638104],[-18.1202112,27.76381],[-18.1202375,27.7638266],[-18.120399,27.7639956],[-18.120405,27.764054],[-18.1204195,27.7640749],[-18.1204664,27.7640592],[-18.1204842,27.7640717],[-18.1204973,27.7641141],[-18.1204739,27.764174],[-18.1204987,27.7642064],[-18.1205254,27.7642152],[-18.1205817,27.7642105],[-18.1205972,27.7642362],[-18.1205706,27.7643785],[-18.1205766,27.7644392],[-18.12066,27.7644603],[-18.1206631,27.7645228],[-18.1206818,27.7645457],[-18.1207396,27.7645399],[-18.1207972,27.764578],[-18.1208755,27.7646864],[-18.1209578,27.7647514],[-18.1209668,27.7647785],[-18.1209429,27.7648667],[-18.1209583,27.7648858],[-18.1210128,27.7648851],[-18.1210267,27.7649038],[-18.121,27.7649643],[-18.1210041,27.7649859],[-18.1210638,27.7649756],[-18.1211024,27.7650186],[-18.1210946,27.7650394],[-18.1210192,27.7651077],[-18.1210224,27.7651349],[-18.1210739,27.7651863],[-18.1210556,27.7652481],[-18.1210295,27.7652717],[-18.1210288,27.7653276],[-18.1210497,27.7653406],[-18.1210893,27.7653367],[-18.1211336,27.765375],[-18.121203,27.7653962],[-18.1212366,27.7654485],[-18.1212108,27.7655286],[-18.1212133,27.7655605],[-18.1212324,27.7655787],[-18.1213078,27.7656038],[-18.1213664,27.7656582],[-18.1213515,27.7657494],[-18.1212902,27.7657902],[-18.1212769,27.7658167],[-18.1212867,27.7658382],[-18.1213238,27.7658521],[-18.1212994,27.7659185],[-18.1213155,27.7659583],[-18.1213134,27.7660004],[-18.1213458,27.7660504],[-18.1213394,27.7660913],[-18.1214141,27.7661413],[-18.1214017,27.7662901],[-18.1214841,27.7668307],[-18.1214897,27.7670548],[-18.1214109,27.7671846],[-18.1213777,27.7671777],[-18.1213282,27.7671277],[-18.1213047,27.7671231],[-18.1212638,27.7671569],[-18.1211958,27.7671714],[-18.1211219,27.7672207],[-18.1211007,27.7672494],[-18.1211059,27.7672979],[-18.1211376,27.7673084],[-18.1212231,27.7673007],[-18.1212555,27.7673112],[-18.1212628,27.7673362],[-18.1212546,27.7673695],[-18.1212295,27.7674004],[-18.1210997,27.7674882],[-18.1210758,27.7675514],[-18.1211415,27.7678636],[-18.1211408,27.7679037],[-18.121114,27.7679803],[-18.121151,27.768118],[-18.1211924,27.7681471],[-18.1212232,27.7681874],[-18.1212563,27.7682008],[-18.1212884,27.7682003],[-18.1213644,27.7681472],[-18.1214149,27.7681742],[-18.1214299,27.7681995],[-18.1214367,27.768248],[-18.1214265,27.7682735],[-18.1214024,27.7682846],[-18.1213237,27.7682769],[-18.1212992,27.768291],[-18.12122,27.7683601],[-18.1211913,27.7684231],[-18.1212116,27.7684642],[-18.1212612,27.7684639],[-18.1213139,27.7684924],[-18.1213167,27.7685426],[-18.1212263,27.7685798],[-18.1212094,27.7686051],[-18.1212165,27.7686364],[-18.1212639,27.7687043],[-18.12129,27.7687218],[-18.1213153,27.7687198],[-18.1213686,27.7686725],[-18.1214101,27.7686906],[-18.1214735,27.7686481],[-18.1214597,27.7688346],[-18.1213901,27.7689185],[-18.1213693,27.768987],[-18.1214015,27.7691788],[-18.1214269,27.7691982],[-18.1215155,27.7691973],[-18.1215353,27.7692099],[-18.1215636,27.7693013],[-18.1216195,27.7693393],[-18.121662,27.7693505],[-18.121749,27.7693439],[-18.1218063,27.7693045],[-18.1218206,27.7692776],[-18.1218194,27.7692067],[-18.1217948,27.7691587],[-18.1217973,27.7690556],[-18.121751,27.7689317],[-18.1217516,27.7688959],[-18.121765,27.7688659],[-18.1218192,27.768821],[-18.1220079,27.7687732],[-18.1220385,27.7687756],[-18.1220482,27.7687977],[-18.1219992,27.7689414],[-18.1220257,27.7689757],[-18.1220481,27.7689749],[-18.1221476,27.7688974],[-18.1221825,27.7689087],[-18.1222312,27.7688862],[-18.1222491,27.7688658],[-18.1222684,27.7687809],[-18.1223197,27.7687451],[-18.1225633,27.7686659],[-18.1227289,27.7686437],[-18.1228984,27.7686497],[-18.1229933,27.7686897],[-18.1230087,27.7687252],[-18.1229889,27.7687859],[-18.1229931,27.7688981],[-18.1230176,27.7689507],[-18.1230851,27.7690161],[-18.123092,27.769087],[-18.1231059,27.769097],[-18.1231546,27.7690996],[-18.1231806,27.7690881],[-18.1232897,27.7690205],[-18.1233462,27.7689675],[-18.1233814,27.7689736],[-18.1234296,27.7690256],[-18.1234547,27.7690288],[-18.1235953,27.7689977],[-18.1237535,27.7689929],[-18.1238954,27.7689507],[-18.1240677,27.7689361],[-18.1241352,27.7689725],[-18.1242163,27.7689706],[-18.1242769,27.7690064],[-18.1242856,27.7690348],[-18.1242023,27.7691207],[-18.1241811,27.7691599],[-18.1241793,27.7692096],[-18.1241898,27.7692356],[-18.1242354,27.7692772],[-18.1242661,27.7692924],[-18.1243442,27.7693022],[-18.1243923,27.7692703],[-18.1244021,27.7692424],[-18.1243858,27.7691258],[-18.1244144,27.7690753],[-18.1244869,27.7690768],[-18.1245945,27.7691008],[-18.1246476,27.7691328],[-18.1246587,27.7691812],[-18.1246852,27.7692026],[-18.1247601,27.7691843],[-18.1248797,27.7692192],[-18.1249697,27.7692496],[-18.1250783,27.7693207],[-18.1250992,27.7693617],[-18.1250944,27.7694255],[-18.1251262,27.7694816],[-18.1251483,27.7696244],[-18.125219,27.7697183],[-18.125317,27.7697977],[-18.1253813,27.7698734],[-18.1256113,27.7698616],[-18.1257335,27.7698942],[-18.1258403,27.7699366],[-18.125978,27.7700104],[-18.126076,27.7701171],[-18.1261286,27.7701413],[-18.1261905,27.7701393],[-18.1264923,27.7700538],[-18.1265349,27.7700504],[-18.1268234,27.7701195],[-18.1269401,27.7701827],[-18.1270442,27.7702629],[-18.1270314,27.7703575],[-18.1270945,27.7705555],[-18.1271121,27.7705772],[-18.1272109,27.7705983],[-18.1272883,27.7706431],[-18.127366,27.7706356],[-18.1273991,27.7706197],[-18.127478,27.7705242],[-18.1275654,27.7704611],[-18.1276385,27.7704433],[-18.1278097,27.770437],[-18.1278997,27.7703955],[-18.1279749,27.7703304],[-18.1280209,27.7703296],[-18.1280832,27.7703839],[-18.1281388,27.7704799],[-18.1281782,27.7707156],[-18.1281986,27.7707732],[-18.1283461,27.7710149],[-18.1284282,27.7711131],[-18.1284591,27.7711307],[-18.1284888,27.7711322],[-18.128527,27.7710914],[-18.1285289,27.7709592],[-18.1284901,27.7708758],[-18.1284951,27.7708526],[-18.1287213,27.7707454],[-18.1287854,27.7707822],[-18.128812,27.7707852],[-18.1289173,27.7707054],[-18.1289732,27.7707128],[-18.1290261,27.770772],[-18.1290809,27.7708022],[-18.1291129,27.7708859],[-18.1291172,27.7709838],[-18.1291295,27.7710135],[-18.1291579,27.7710236],[-18.1293559,27.7709037],[-18.1294881,27.7708653],[-18.1296,27.7708583],[-18.1296951,27.7708902],[-18.1298318,27.7709781],[-18.1299893,27.7711535],[-18.1300569,27.771204],[-18.1300917,27.7712132],[-18.1301219,27.7712068],[-18.1301643,27.7711544],[-18.1301901,27.7711499],[-18.1303148,27.771167],[-18.1304253,27.7711631],[-18.1304679,27.7711321],[-18.1305278,27.7710511],[-18.1305455,27.7709908],[-18.1305444,27.7708759],[-18.1305148,27.7708255],[-18.1304069,27.7707878],[-18.1303539,27.77075],[-18.130337,27.7707185],[-18.1303125,27.7705914],[-18.1303134,27.7704978],[-18.1303534,27.7704321],[-18.1303222,27.7704071],[-18.1302747,27.7703951],[-18.130268,27.7703649],[-18.1303188,27.7703039],[-18.1303809,27.7702941],[-18.1303997,27.7703049],[-18.1304365,27.7703677],[-18.1305261,27.7704269],[-18.130665,27.7705809],[-18.1307202,27.7706042],[-18.1308829,27.7706204],[-18.1309018,27.7706383],[-18.1308957,27.7707387],[-18.1309114,27.7707999],[-18.13091,27.7708806],[-18.1309221,27.7709003],[-18.1309832,27.7709131],[-18.1311386,27.7708591],[-18.1312086,27.7708596],[-18.1312559,27.7708886],[-18.131266,27.770949],[-18.1312428,27.7710237],[-18.1312469,27.771048],[-18.1312777,27.7710838],[-18.131272,27.7711412],[-18.1312888,27.7711678],[-18.1313196,27.7711745],[-18.1313824,27.7711335],[-18.1314205,27.7710433],[-18.1314587,27.771044],[-18.131481,27.7710605],[-18.1315237,27.7711372],[-18.1315594,27.7711441],[-18.131643,27.7711271],[-18.1316916,27.7710918],[-18.1317436,27.771081],[-18.1317844,27.771126],[-18.1318013,27.7712387],[-18.131836,27.7712454],[-18.1318705,27.7712326],[-18.1319096,27.771135],[-18.1319289,27.7711333],[-18.1319789,27.7711986],[-18.132035,27.7712125],[-18.1320744,27.7712624],[-18.1321387,27.77131],[-18.1321737,27.7713236],[-18.1322449,27.7713176],[-18.1322961,27.771283],[-18.132315,27.7712336],[-18.1323363,27.7712229],[-18.1324139,27.7712215],[-18.1324396,27.7712033],[-18.1324486,27.7711763],[-18.132447,27.7711485],[-18.1324132,27.7711008],[-18.1323814,27.7710742],[-18.1323259,27.7710575],[-18.1322938,27.7709234],[-18.1323002,27.7709121],[-18.1323649,27.7709094],[-18.1323786,27.7708568],[-18.1323366,27.7707954],[-18.13235,27.7707586],[-18.1323391,27.7707217],[-18.132282,27.770622],[-18.1322632,27.7705098],[-18.1322302,27.7704828],[-18.1322275,27.7704627],[-18.1322761,27.7703556],[-18.1323077,27.7703282],[-18.1323923,27.7702798],[-18.1324873,27.7702521],[-18.1325378,27.7702508],[-18.1325966,27.7701886],[-18.1326659,27.7701818],[-18.1326965,27.7701922],[-18.1328179,27.7702951],[-18.1328804,27.7704309],[-18.1329855,27.7705523],[-18.1330447,27.7705931],[-18.1331137,27.7705982],[-18.1331415,27.7705877],[-18.1331754,27.7705682],[-18.1332039,27.7705267],[-18.1332124,27.7704714],[-18.1332463,27.7704187],[-18.13335,27.7703812],[-18.1334525,27.770313],[-18.1335454,27.7702815],[-18.1338006,27.7702793],[-18.1338284,27.7702589],[-18.1339023,27.7700887],[-18.1338955,27.7700713],[-18.1337073,27.7699952],[-18.1336926,27.7699744],[-18.1337025,27.7698922],[-18.1337254,27.7698693],[-18.1337576,27.769864],[-18.1337859,27.769878],[-18.133833,27.7699279],[-18.1338895,27.7699404],[-18.1339212,27.7699321],[-18.1339407,27.769913],[-18.133966,27.7698339],[-18.1340271,27.7698099],[-18.1341662,27.7697972],[-18.1342532,27.7697671],[-18.1342775,27.7697476],[-18.1342931,27.7697241],[-18.1343014,27.7696491],[-18.1343781,27.7695516],[-18.1345626,27.7694505],[-18.1345716,27.7694224],[-18.1345501,27.7692367],[-18.134551,27.7692123],[-18.1345532,27.7691951],[-18.1345765,27.7691774],[-18.1346776,27.7691556],[-18.1347199,27.7690989],[-18.1347491,27.7690807],[-18.1348881,27.7690498],[-18.1351994,27.7690529],[-18.1352572,27.7690413],[-18.1352635,27.7689925],[-18.1352526,27.7689562],[-18.1352198,27.7689418],[-18.1351219,27.768934],[-18.1350362,27.7688742],[-18.1350005,27.7688685],[-18.1349595,27.768927],[-18.1349265,27.768927],[-18.1348461,27.7688688],[-18.1348074,27.7687942],[-18.1348055,27.7687537],[-18.1348191,27.7683793],[-18.1348381,27.7683375],[-18.1349155,27.7682884],[-18.1349693,27.7682703],[-18.1350481,27.7682635],[-18.1351651,27.7683],[-18.1353251,27.7684159],[-18.1354967,27.7685165],[-18.1355691,27.7685264],[-18.1356101,27.7685141],[-18.1356394,27.7684893],[-18.13565,27.7684574],[-18.1356073,27.7683403],[-18.1355069,27.7682884],[-18.1354391,27.7682366],[-18.1354272,27.7682137],[-18.1354278,27.7681426],[-18.1353365,27.7680045],[-18.1353422,27.767971],[-18.1353756,27.767954],[-18.1354662,27.7679719],[-18.1356171,27.767956],[-18.1357264,27.7679749],[-18.1357645,27.7679663],[-18.1357922,27.7679402],[-18.1358024,27.7679039],[-18.1358005,27.7677375],[-18.1357886,27.7677125],[-18.135725,27.767663],[-18.1357201,27.7676344],[-18.1358239,27.7675394],[-18.1359518,27.7674635],[-18.135969,27.7674329],[-18.135974,27.7673542],[-18.1360299,27.767281],[-18.1360648,27.7672597],[-18.1361824,27.767255],[-18.1362056,27.7672324],[-18.1362146,27.767115],[-18.1362357,27.7670894],[-18.1363823,27.7670978],[-18.1364335,27.767051],[-18.1364501,27.7669826],[-18.1364326,27.7668974],[-18.136441,27.7668767],[-18.1364974,27.766857],[-18.1365144,27.7668349],[-18.1365139,27.7668087],[-18.1364559,27.7667316],[-18.1364539,27.7666917],[-18.1364671,27.7666513],[-18.1365112,27.7665951],[-18.1365399,27.766479],[-18.1365568,27.7664854],[-18.1365626,27.7665108],[-18.1365838,27.766531],[-18.136649,27.7665348],[-18.1366675,27.7665562],[-18.1366659,27.7665844],[-18.1365897,27.7666629],[-18.1365845,27.7666926],[-18.1366437,27.766914],[-18.1366775,27.7669322],[-18.1367707,27.7669305],[-18.1368751,27.7669498],[-18.1369593,27.7669829],[-18.1370314,27.7670428],[-18.1370765,27.7670589],[-18.1371215,27.7670566],[-18.1372228,27.7669557],[-18.1372673,27.7669359],[-18.137318,27.7669365],[-18.1375312,27.7669937],[-18.1376928,27.767091],[-18.1378051,27.7671796],[-18.1378592,27.7671722],[-18.137894,27.767136],[-18.1378943,27.7670934],[-18.1378339,27.7669574],[-18.1378101,27.7669463],[-18.1377643,27.7669634],[-18.1377228,27.7669415],[-18.1377488,27.7668816],[-18.137735,27.7668086],[-18.1377394,27.7667838],[-18.1377657,27.7667675],[-18.1378412,27.7667536],[-18.1378754,27.766729],[-18.1378959,27.7666938],[-18.1378999,27.7666552],[-18.1378731,27.7665513],[-18.1379366,27.7664017],[-18.1378512,27.7662612],[-18.1378449,27.7662274],[-18.1378611,27.7661977],[-18.1378877,27.7661829],[-18.1380144,27.7661657],[-18.1381002,27.7661862],[-18.1381422,27.7661839],[-18.1381807,27.766163],[-18.1382439,27.7661022],[-18.138333,27.7659561],[-18.1384127,27.7659055],[-18.1385257,27.7658245],[-18.1386423,27.7657946],[-18.1387559,27.7657677],[-18.138859,27.7657282],[-18.1389671,27.7656659],[-18.1390665,27.7657163],[-18.1392412,27.7658275],[-18.1393075,27.7660237],[-18.139388,27.7660777],[-18.1395092,27.7661345],[-18.1398004,27.7662279],[-18.1400156,27.7664126],[-18.1400614,27.7664298],[-18.1401025,27.7664308],[-18.1401222,27.766412],[-18.140133,27.7663676],[-18.1401049,27.7663143],[-18.1399342,27.7662081],[-18.139719,27.7660321],[-18.139613,27.7659311],[-18.1394818,27.7657708],[-18.1393542,27.7656447],[-18.1393337,27.7655773],[-18.1393482,27.7655532],[-18.1393742,27.7655372],[-18.1394597,27.7655334],[-18.1395026,27.7655379],[-18.1396714,27.7655872],[-18.139831,27.7657244],[-18.1398304,27.7657776],[-18.1398931,27.7658254],[-18.139969,27.7658412],[-18.1401446,27.7659808],[-18.1403699,27.7660756],[-18.140479,27.7660817],[-18.140511,27.7660673],[-18.1405193,27.7660089],[-18.1404789,27.7659465],[-18.1401972,27.7657588],[-18.1399158,27.7656192],[-18.1396643,27.7653855],[-18.1396172,27.7653229],[-18.1396005,27.765248],[-18.1396383,27.7652079],[-18.1396871,27.765185],[-18.1397048,27.7651645],[-18.1397126,27.7651106],[-18.1396933,27.7650487],[-18.1396918,27.76497],[-18.139755,27.7648787],[-18.1397818,27.7647968],[-18.1397714,27.7647669],[-18.1396317,27.764584],[-18.1395943,27.7644936],[-18.1395794,27.7644146],[-18.1395954,27.7643366],[-18.1396545,27.764245],[-18.1396191,27.7640955],[-18.1396367,27.7639801],[-18.1396672,27.7639332],[-18.139778,27.7639064],[-18.1398311,27.763873],[-18.1398667,27.7638187],[-18.1398832,27.7637349],[-18.1397741,27.7637007],[-18.1397253,27.7636134],[-18.1397234,27.7635473],[-18.1397669,27.7634995],[-18.1398676,27.763438],[-18.1399608,27.7633129],[-18.1400344,27.7632466],[-18.1401422,27.763165],[-18.1402097,27.7631373],[-18.1402481,27.7631352],[-18.1402811,27.7631152],[-18.1403212,27.7630483],[-18.1404157,27.7629721],[-18.140481,27.7628215],[-18.14053,27.7627655],[-18.1406353,27.7627593],[-18.1406933,27.762726],[-18.1407504,27.7626625],[-18.1407797,27.7626473],[-18.1408868,27.7626402],[-18.1409205,27.7626179],[-18.1409584,27.7625261],[-18.1409821,27.7625003],[-18.1411395,27.7624451],[-18.1412334,27.7623637],[-18.1412657,27.7623534],[-18.1412902,27.7623634],[-18.1412961,27.7623919],[-18.1412858,27.7624829],[-18.1412945,27.7625189],[-18.1413404,27.7625912],[-18.1413816,27.7626192],[-18.141437,27.762634],[-18.141499,27.7626403],[-18.1415532,27.7626242],[-18.1416309,27.7625627],[-18.1416621,27.7625223],[-18.1416643,27.7624826],[-18.1416443,27.7624574],[-18.1416133,27.7624485],[-18.1415842,27.7624231],[-18.1415751,27.7623807],[-18.1415899,27.7623318],[-18.1416228,27.7623078],[-18.1416645,27.762296],[-18.1417037,27.7623117],[-18.1419199,27.7624574],[-18.1422451,27.7625567],[-18.1424433,27.7626338],[-18.1424934,27.7626657],[-18.1426561,27.7628432],[-18.1427228,27.7628499],[-18.1427819,27.7628307],[-18.1428752,27.7627523],[-18.1428941,27.7627707],[-18.1428604,27.7629038],[-18.1428704,27.7629399],[-18.1428992,27.7629743],[-18.1429362,27.7629927],[-18.1430125,27.7629831],[-18.1430648,27.7629522],[-18.1431507,27.7629758],[-18.1431851,27.7629734],[-18.1432329,27.7629432],[-18.14333,27.7629926],[-18.1433881,27.7630034],[-18.1434312,27.7629956],[-18.1434967,27.7629066],[-18.1436249,27.7629381],[-18.1436646,27.7629235],[-18.1436922,27.7628798],[-18.1436904,27.7628454],[-18.1436476,27.7627803],[-18.1434019,27.7626632],[-18.1433263,27.7625639],[-18.1432359,27.7624863],[-18.1432184,27.7624508],[-18.1431896,27.7623065],[-18.143199,27.7621461],[-18.1432423,27.7620513],[-18.1432961,27.761996],[-18.1434012,27.7619264],[-18.1435829,27.7618388],[-18.1437294,27.7618027],[-18.1438398,27.7617512],[-18.1439797,27.7617061],[-18.1440126,27.7617095],[-18.1440192,27.7617251],[-18.143927,27.7617894],[-18.1439236,27.7618229],[-18.1439403,27.7618558],[-18.1440162,27.7619127],[-18.1441233,27.7619204],[-18.1441678,27.7619355],[-18.1441798,27.761953],[-18.1441601,27.7619628],[-18.1441028,27.7619627],[-18.1440318,27.7619925],[-18.1439436,27.7619729],[-18.1438785,27.7619733],[-18.1438308,27.7620075],[-18.1438069,27.762006],[-18.1437645,27.7619759],[-18.1437316,27.7619798],[-18.1436617,27.762018],[-18.1436146,27.7620787],[-18.1435585,27.7621025],[-18.1435667,27.7621842],[-18.1435458,27.7622228],[-18.1435966,27.7622626],[-18.143597,27.7622842],[-18.1435554,27.7623441],[-18.1435491,27.7623779],[-18.1435699,27.7624053],[-18.1436095,27.7624146],[-18.1436542,27.7624042],[-18.1437572,27.7623463],[-18.1437931,27.7623508],[-18.1438879,27.7624253],[-18.1440576,27.7625143],[-18.1440885,27.762515],[-18.1441465,27.762488],[-18.1441748,27.7624972],[-18.1442574,27.7625764],[-18.1443602,27.7627378],[-18.1444003,27.7627605],[-18.1444376,27.7627531],[-18.144506,27.7627026],[-18.1445185,27.762663],[-18.1445198,27.7625899],[-18.1444776,27.7624481],[-18.144537,27.762285],[-18.1445444,27.7621756],[-18.1446567,27.762103],[-18.1446771,27.7620646],[-18.1446669,27.7619652],[-18.1446337,27.7618823],[-18.1446107,27.7618576],[-18.1445435,27.7618278],[-18.1445355,27.7618039],[-18.1445624,27.7617052],[-18.1445909,27.7616548],[-18.1446166,27.7616527],[-18.1446212,27.7617561],[-18.1446434,27.7617959],[-18.1446843,27.7618049],[-18.1447232,27.7617776],[-18.1447484,27.7617322],[-18.1447615,27.7616732],[-18.1447632,27.7614476],[-18.1447828,27.7614233],[-18.1448648,27.761428],[-18.1448918,27.7614608],[-18.1449121,27.7615778],[-18.1449173,27.7617725],[-18.144943,27.7618246],[-18.1449839,27.761844],[-18.1450224,27.7618225],[-18.1450989,27.7617185],[-18.1451398,27.7616906],[-18.1452309,27.7616483],[-18.1453159,27.761631],[-18.1453524,27.7616066],[-18.145399,27.7614278],[-18.1455187,27.7613119],[-18.1456184,27.7610787],[-18.1456934,27.7609867],[-18.1457164,27.7609683],[-18.1457459,27.7609655],[-18.1457886,27.7610068],[-18.1458248,27.7610226],[-18.145911,27.7610201],[-18.1459389,27.7609967],[-18.1459832,27.7609244],[-18.145968,27.7608349],[-18.1459763,27.7608102],[-18.1460459,27.7607934],[-18.1460879,27.7607973],[-18.1461826,27.7608396],[-18.1463397,27.7609769],[-18.1464236,27.7610858],[-18.146488,27.7612581],[-18.1465435,27.7613411],[-18.146592,27.7613641],[-18.1466306,27.7613535],[-18.1466581,27.7613214],[-18.1467145,27.7611026],[-18.146743,27.760873],[-18.1466664,27.760604],[-18.1465398,27.7604241],[-18.1465894,27.7603126],[-18.1466803,27.7601642],[-18.1467091,27.7600522],[-18.1467878,27.7599672],[-18.146865,27.7598318],[-18.1468817,27.7596514],[-18.1468989,27.7596114],[-18.146946,27.7595783],[-18.1471499,27.7595308],[-18.1472459,27.7595323],[-18.1475217,27.7596334],[-18.1476002,27.7596868],[-18.1476167,27.7597154],[-18.1476057,27.7598954],[-18.1476545,27.7599581],[-18.1476954,27.7599747],[-18.14774,27.7599767],[-18.1477738,27.7599587],[-18.1478594,27.7598279],[-18.1479164,27.759802],[-18.1479838,27.7598036],[-18.1482178,27.7598545],[-18.1484777,27.7598672],[-18.1486162,27.759901],[-18.1487137,27.7599462],[-18.1488017,27.7600113],[-18.1489194,27.7601246],[-18.1489893,27.7601699],[-18.1493094,27.7602831],[-18.1497126,27.7604935],[-18.1497501,27.7604948],[-18.1498282,27.7604559],[-18.1499359,27.7603066],[-18.149966,27.7602163],[-18.1499685,27.7601129],[-18.1498982,27.7600113],[-18.1498922,27.7599756],[-18.1499015,27.759944],[-18.1500254,27.759823],[-18.1500934,27.7598174],[-18.1501659,27.7598419],[-18.1502528,27.7598517],[-18.1503052,27.7598504],[-18.1504177,27.7598135],[-18.1505305,27.7598196],[-18.1506103,27.7598529],[-18.1508403,27.7599959],[-18.1510416,27.7600782],[-18.1512088,27.7601269],[-18.1512558,27.7601268],[-18.1512705,27.7602207],[-18.151412,27.7603335],[-18.1514375,27.7604144],[-18.1514627,27.7605856],[-18.1515436,27.7605576],[-18.151598,27.7605616],[-18.1516111,27.7605444],[-18.1516507,27.7604122],[-18.151632,27.7602474],[-18.1514945,27.7600033],[-18.1514423,27.7601033],[-18.1513823,27.7601285],[-18.1513164,27.7600546],[-18.151319,27.7599811],[-18.1512648,27.7598177],[-18.1510311,27.759458],[-18.1509247,27.7592581],[-18.1509187,27.7592398],[-18.1508986,27.7591783],[-18.150894,27.7591039],[-18.1509223,27.7588382],[-18.1508584,27.7586741],[-18.1507945,27.7585867],[-18.1506865,27.7585184],[-18.1505595,27.7584828],[-18.1504421,27.7584304],[-18.1504099,27.7584003],[-18.1503964,27.7583665],[-18.1504124,27.758331],[-18.1504474,27.7583113],[-18.1505385,27.7583075],[-18.1506544,27.7583323],[-18.1507304,27.758389],[-18.1507653,27.7584007],[-18.1507994,27.7583941],[-18.1508635,27.7583373],[-18.1509441,27.7583184],[-18.1509776,27.7583265],[-18.1510698,27.7584169],[-18.1511262,27.7584159],[-18.1511565,27.7583876],[-18.15116,27.7583099],[-18.1511438,27.7582828],[-18.1510909,27.7582624],[-18.1510679,27.7582383],[-18.1510651,27.7582128],[-18.1511091,27.7581419],[-18.1511333,27.7581205],[-18.1512776,27.7581166],[-18.1513273,27.758104],[-18.1513582,27.7580764],[-18.1513593,27.7580537],[-18.1513307,27.7580357],[-18.1511879,27.7579938],[-18.1510997,27.7579922],[-18.1510455,27.7579776],[-18.1510261,27.7579418],[-18.1510394,27.7579013],[-18.1510798,27.7578762],[-18.1511314,27.7578752],[-18.1512372,27.7579029],[-18.1513395,27.7579517],[-18.1513868,27.7579536],[-18.1515381,27.7579224],[-18.151743,27.7579209],[-18.1517879,27.7579296],[-18.1518736,27.7579669],[-18.1520351,27.7580744],[-18.1520849,27.7580959],[-18.1522335,27.7581007],[-18.1522819,27.7580476],[-18.1523227,27.7575758],[-18.1522918,27.7575168],[-18.1522669,27.7575034],[-18.1522049,27.7574994],[-18.1521755,27.7574754],[-18.152157,27.7574344],[-18.1521442,27.7573919],[-18.1521426,27.7572443],[-18.1521524,27.7572082],[-18.1521746,27.7571834],[-18.1522326,27.7571809],[-18.1523151,27.7571987],[-18.1523825,27.7571916],[-18.1525413,27.757271],[-18.1525815,27.7572636],[-18.152614,27.7572215],[-18.152614,27.7571824],[-18.1525236,27.7570235],[-18.1525321,27.7569877],[-18.1525666,27.7569726],[-18.1526521,27.7569767],[-18.1527791,27.7570025],[-18.1528793,27.7569982],[-18.1529595,27.7569738],[-18.1530094,27.7569731],[-18.1530472,27.7569781],[-18.1531128,27.757029],[-18.1531868,27.7570398],[-18.1533119,27.7570171],[-18.1533921,27.7569861],[-18.1534799,27.756975],[-18.1535207,27.7569555],[-18.1535396,27.756922],[-18.1535321,27.7568891],[-18.1535047,27.7568705],[-18.1534016,27.7568649],[-18.1533704,27.7568488],[-18.153359,27.7568316],[-18.1533632,27.756772],[-18.1533301,27.7567305],[-18.1533444,27.7566776],[-18.153396,27.7565929],[-18.1534439,27.7564384],[-18.1535152,27.7563844],[-18.1534954,27.7563191],[-18.1533678,27.7561842],[-18.1532851,27.7561786],[-18.1532224,27.7562039],[-18.1531924,27.7562044],[-18.1531277,27.7561456],[-18.153064,27.7561076],[-18.1530398,27.756079],[-18.1530322,27.7560407],[-18.1530613,27.7560025],[-18.1530713,27.7559573],[-18.15334,27.7557792],[-18.1533733,27.7557755],[-18.1533898,27.7557971],[-18.1533962,27.7558512],[-18.153424,27.7558765],[-18.1536239,27.7558601],[-18.1538894,27.7558962],[-18.1539243,27.755891],[-18.1539532,27.7558699],[-18.1539642,27.7557996],[-18.1539375,27.7557528],[-18.1537993,27.7557297],[-18.1537188,27.7556929],[-18.1536273,27.7555824],[-18.1535836,27.7555617],[-18.1534981,27.7555466],[-18.1534902,27.7555281],[-18.1534986,27.7555086],[-18.1535808,27.7554553],[-18.1537169,27.7554036],[-18.1541352,27.7553837],[-18.1543553,27.7552872],[-18.1543608,27.7552311],[-18.1542284,27.7551386],[-18.1542283,27.7550107],[-18.1541538,27.7549154],[-18.1541517,27.7548982],[-18.1542108,27.7547897],[-18.1543594,27.7546435],[-18.1543896,27.7545868],[-18.1543942,27.75449],[-18.1543134,27.7542849],[-18.1543356,27.7542228],[-18.1543156,27.7541264],[-18.1543151,27.7540372],[-18.1543522,27.7538767],[-18.154399,27.7538252],[-18.1546567,27.7538596],[-18.1547115,27.7538475],[-18.1547625,27.7538154],[-18.1548735,27.7537858],[-18.1549669,27.753714],[-18.1549646,27.7536668],[-18.1549054,27.7536401],[-18.1548077,27.7536276],[-18.1547884,27.7536125],[-18.1547946,27.7535916],[-18.1548356,27.7535808],[-18.1549815,27.7535922],[-18.1550296,27.753581],[-18.155054,27.7535409],[-18.1550618,27.7534946],[-18.1550476,27.7534519],[-18.1550053,27.7534141],[-18.1547119,27.7534234],[-18.154622,27.7534082],[-18.1544981,27.7533672],[-18.1544603,27.7533709],[-18.1543721,27.7534072],[-18.1542815,27.753562],[-18.1542532,27.7535802],[-18.1541974,27.7535836],[-18.1541186,27.7535152],[-18.1541112,27.7534381],[-18.1541237,27.7534109],[-18.1541567,27.7533839],[-18.1542295,27.7533467],[-18.1542602,27.7533163],[-18.154341,27.7531361],[-18.154323,27.7530768],[-18.1543411,27.752971],[-18.1543305,27.7529406],[-18.154277,27.7529314],[-18.1542574,27.7529157],[-18.1542649,27.7528598],[-18.1542932,27.7528392],[-18.1544453,27.752817],[-18.1545444,27.752832],[-18.1545823,27.7528143],[-18.1545965,27.7527827],[-18.1545978,27.7527063],[-18.1546354,27.7526481],[-18.1546315,27.7526273],[-18.1546059,27.7526012],[-18.1545282,27.7525724],[-18.1544994,27.7525478],[-18.1544795,27.7524653],[-18.154495,27.7524239],[-18.1545311,27.7523989],[-18.154604,27.7523967],[-18.1546839,27.7524555],[-18.1547541,27.7525435],[-18.1548096,27.7525704],[-18.1549447,27.7525763],[-18.1550019,27.7525443],[-18.1550061,27.7525069],[-18.1549773,27.7524688],[-18.1548665,27.7524055],[-18.1548508,27.7523748],[-18.15488,27.7523275],[-18.1548745,27.7522865],[-18.1548189,27.7522035],[-18.1547469,27.752146],[-18.1547333,27.7521089],[-18.1547584,27.752075],[-18.1548839,27.7520135],[-18.1549227,27.7519808],[-18.1549441,27.7519423],[-18.1549485,27.7518994],[-18.154929,27.7517585],[-18.1549479,27.7517103],[-18.1550127,27.7516035],[-18.1551325,27.7515217],[-18.1551624,27.7514875],[-18.1551844,27.7514461],[-18.1551884,27.7513352],[-18.1551577,27.7512496],[-18.1550173,27.7509956],[-18.1549628,27.7509223],[-18.1548538,27.7508608],[-18.1548381,27.7508403],[-18.1548267,27.75079],[-18.1548812,27.7507309],[-18.1549021,27.7506959],[-18.1549037,27.7506651],[-18.1548858,27.7506484],[-18.1548361,27.7506674],[-18.1548253,27.7506488],[-18.1548496,27.7506104],[-18.1548871,27.7505904],[-18.1549821,27.7505651],[-18.1550829,27.7505136],[-18.1552029,27.7504759],[-18.1552376,27.7504484],[-18.1553719,27.7504255],[-18.1553962,27.750368],[-18.1553513,27.7503144],[-18.1552046,27.7503114],[-18.1548352,27.7503735],[-18.1547781,27.750371],[-18.1547414,27.7503538],[-18.1546905,27.7502987],[-18.154675,27.7502626],[-18.1546759,27.7501941],[-18.1547099,27.7501226],[-18.1547017,27.7500935],[-18.1546742,27.7500669],[-18.1546386,27.7500537],[-18.1546019,27.7500561],[-18.1545144,27.7501321],[-18.1544836,27.750139],[-18.1544657,27.7501214],[-18.1544743,27.7500834],[-18.1545775,27.7499201],[-18.1545822,27.7498859],[-18.1545672,27.7498592],[-18.154544,27.7498574],[-18.1544381,27.749913],[-18.1544308,27.7499168],[-18.1543343,27.7499281],[-18.1542921,27.7499221],[-18.1541689,27.7498167],[-18.1540984,27.7497882],[-18.1538064,27.7497311],[-18.1537224,27.7496587],[-18.1535987,27.7495101],[-18.1535925,27.7495027],[-18.1534954,27.749428],[-18.1533107,27.7491402],[-18.1532817,27.7491182],[-18.1531318,27.7490641],[-18.1530176,27.7490733],[-18.1529002,27.7490642],[-18.1528355,27.7490262],[-18.1527865,27.7489619],[-18.1527244,27.7489151],[-18.1526742,27.7489118],[-18.1525702,27.7488442],[-18.1524692,27.7488111],[-18.1524596,27.748787],[-18.1524888,27.7486957],[-18.1524855,27.7486667],[-18.1524722,27.7486516],[-18.1524357,27.7486627],[-18.1524149,27.748654],[-18.1524091,27.7486393],[-18.1524317,27.7485796],[-18.1524228,27.7485462],[-18.1523916,27.7485291],[-18.1523127,27.748526],[-18.1522742,27.7485372],[-18.1521967,27.7485867],[-18.1521029,27.7487127],[-18.1520717,27.7487059],[-18.151983,27.7486124],[-18.1519291,27.7485728],[-18.1518629,27.7485317],[-18.1517686,27.7484275],[-18.1517009,27.7482518],[-18.1516665,27.7480929],[-18.1516522,27.7478386],[-18.151628,27.7475984],[-18.1516151,27.7474805],[-18.151613,27.7472395],[-18.1516289,27.7470383],[-18.1516381,27.7469462],[-18.151657,27.7468183],[-18.1516616,27.7466433],[-18.1516507,27.7463798],[-18.1516659,27.7460739],[-18.1516523,27.7459852],[-18.1516108,27.7458573],[-18.1516229,27.7458188],[-18.1517204,27.7457547],[-18.1517497,27.7456863],[-18.1517574,27.7456151],[-18.1517454,27.7454955],[-18.151845,27.7454109],[-18.1518604,27.7453655],[-18.1519008,27.7453455],[-18.1521681,27.7451885],[-18.1522012,27.7451793],[-18.1521935,27.7451341],[-18.1521576,27.745129],[-18.1520703,27.7451584],[-18.15192,27.7452371],[-18.1518767,27.7452231],[-18.1518035,27.7452265],[-18.1515438,27.7449958],[-18.1514291,27.7448212],[-18.1514033,27.7447541],[-18.1513828,27.7446526],[-18.1513805,27.7445066],[-18.1513421,27.7443627],[-18.1513407,27.7441653],[-18.151288,27.7439904],[-18.1512816,27.7437974],[-18.1512534,27.743654],[-18.1512614,27.7434693],[-18.1513198,27.7430875],[-18.1513608,27.7429663],[-18.1513943,27.7428674],[-18.151403,27.7428186],[-18.1513912,27.7427183],[-18.1514426,27.7424872],[-18.1514372,27.742392],[-18.1514016,27.7422755],[-18.1514343,27.7419489],[-18.1516133,27.7411372],[-18.1516462,27.7407293],[-18.1516779,27.740567],[-18.1517621,27.7404873],[-18.1517708,27.7404497],[-18.1517629,27.7403743],[-18.1517342,27.7403143],[-18.1517277,27.7402007],[-18.1518265,27.7396831],[-18.1518495,27.7394583],[-18.151853,27.739266],[-18.151919,27.7389613],[-18.1519353,27.7382417],[-18.1519788,27.7378631],[-18.1520594,27.7376227],[-18.1520858,27.7371005],[-18.152109,27.7369329],[-18.1520707,27.7368882],[-18.152064,27.7367922],[-18.1521177,27.7364709],[-18.1521421,27.7363953],[-18.1521655,27.7363577],[-18.1521946,27.7363372],[-18.152292,27.7363019],[-18.152386,27.7362429],[-18.1524248,27.7361992],[-18.1524287,27.7361678],[-18.1522594,27.7360517],[-18.1521904,27.7359561],[-18.1521912,27.7359174],[-18.1522217,27.7358356],[-18.1522973,27.735749],[-18.1522978,27.7356405],[-18.1523311,27.7355645],[-18.1523374,27.7354113],[-18.1523175,27.7353228],[-18.1522506,27.7351654],[-18.1522146,27.7351178],[-18.1521581,27.7349738],[-18.1521402,27.7347941],[-18.152118,27.7347036],[-18.1521107,27.7345125],[-18.1520485,27.7344005],[-18.1519633,27.7339933],[-18.1519019,27.7339018],[-18.1518513,27.7337741],[-18.1518485,27.7336671],[-18.1518933,27.7336097],[-18.1518897,27.7335986],[-18.1518459,27.7335885],[-18.1518438,27.7335352],[-18.151848,27.7335171],[-18.1519053,27.7334625],[-18.1518434,27.7334056],[-18.1518234,27.7332964],[-18.1518053,27.7330473],[-18.1517972,27.732298],[-18.1518524,27.7319958],[-18.1519093,27.7318086],[-18.1519809,27.7316932],[-18.1520413,27.731541],[-18.1521347,27.7313589],[-18.1522586,27.7310317],[-18.1523558,27.7308969],[-18.152425,27.7307313],[-18.15245,27.7306078],[-18.1524785,27.7305585],[-18.1525905,27.7304308],[-18.1526974,27.7302007],[-18.152852,27.7300695],[-18.1528907,27.7300041],[-18.1529847,27.7298995],[-18.1531666,27.7297758],[-18.1532103,27.7296989],[-18.1532238,27.7296877],[-18.1533913,27.7296545],[-18.1534104,27.7296374],[-18.153448,27.7295532],[-18.1534918,27.7295306],[-18.1536038,27.7295152],[-18.1537497,27.7295148],[-18.1539218,27.729795],[-18.1539643,27.7298341],[-18.1540271,27.7298655],[-18.1544025,27.7298705],[-18.1544346,27.7298888],[-18.1544794,27.7298916],[-18.1545871,27.7298495],[-18.1546057,27.729832],[-18.1546065,27.7298118],[-18.1545409,27.7296903],[-18.154451,27.7295864],[-18.1544507,27.7295454],[-18.154492,27.7295465],[-18.1545161,27.7295649],[-18.1545887,27.7296544],[-18.154644,27.7296962],[-18.1546921,27.7296878],[-18.1547125,27.7296521],[-18.1546941,27.7296073],[-18.1545412,27.7294431],[-18.1544843,27.7293525],[-18.154489,27.729325],[-18.1545965,27.7292605],[-18.154694,27.7292459],[-18.1547232,27.7293418],[-18.154739,27.7293661],[-18.1547758,27.7293742],[-18.1549719,27.7293052],[-18.1551405,27.7292711],[-18.1552102,27.7292731],[-18.1552256,27.7292821],[-18.1552275,27.7293007],[-18.155205,27.7293823],[-18.1552088,27.7294211],[-18.1552444,27.7294537],[-18.1552992,27.7294299],[-18.1553519,27.7293676],[-18.1553773,27.7293559],[-18.1554102,27.7293439],[-18.1554644,27.729354],[-18.1554887,27.729408],[-18.155488,27.7295673],[-18.1555088,27.7296223],[-18.1555293,27.7296315],[-18.1556141,27.7296131],[-18.1557401,27.7295218],[-18.1557653,27.7295135],[-18.1557939,27.7295268],[-18.15586,27.7296735],[-18.1558661,27.7298104],[-18.1559041,27.7298439],[-18.1561475,27.729836],[-18.1564427,27.7296629],[-18.1564941,27.7296565],[-18.1565874,27.7297543],[-18.1566339,27.729842],[-18.1566493,27.7299735],[-18.1567127,27.7301072],[-18.1568573,27.7301301],[-18.156903,27.7301476],[-18.1569398,27.7301402],[-18.1569421,27.7301087],[-18.1568502,27.7300692],[-18.1567973,27.7300088],[-18.1569259,27.7300575],[-18.1569614,27.7300557],[-18.1570219,27.7300185],[-18.1570415,27.7299827],[-18.1570326,27.7297694],[-18.1570544,27.7296815],[-18.1570548,27.7294874],[-18.1570908,27.7296285],[-18.1571228,27.7296242],[-18.1571356,27.7296016],[-18.1571576,27.7294139],[-18.1572221,27.7294086],[-18.1572345,27.7293943],[-18.1572055,27.7293239],[-18.1571891,27.7291575],[-18.1571624,27.7290922],[-18.1570504,27.728915],[-18.1570606,27.7288545],[-18.1570939,27.7288319],[-18.1571432,27.728837],[-18.1571707,27.7288563],[-18.1571919,27.7289739],[-18.1572117,27.7290033],[-18.1572883,27.7290049],[-18.1573478,27.7289916],[-18.1574155,27.7289465],[-18.1574106,27.7288967],[-18.1573449,27.7288465],[-18.1572564,27.7287141],[-18.1572607,27.7286957],[-18.1572852,27.7286844],[-18.1573917,27.7286812],[-18.1574891,27.7287156],[-18.1575102,27.7287369],[-18.1575111,27.7287605],[-18.1574748,27.7288226],[-18.1574793,27.7288515],[-18.1575704,27.7289739],[-18.1576005,27.7289978],[-18.1576358,27.7290032],[-18.1576658,27.7289926],[-18.1576794,27.7289725],[-18.1576571,27.7288408],[-18.1576236,27.7287295],[-18.1575708,27.7286877],[-18.157566,27.7286459],[-18.1575978,27.7286132],[-18.1578583,27.7285919],[-18.1579468,27.7286459],[-18.1580687,27.7287497],[-18.1583448,27.7290237],[-18.1585048,27.7291342],[-18.1584914,27.7292058],[-18.1585121,27.7292365],[-18.1585532,27.7292373],[-18.1585707,27.7291993],[-18.1586246,27.7291904],[-18.1587173,27.729237],[-18.1588276,27.7292632],[-18.1589081,27.729311],[-18.1589884,27.7293117],[-18.1590389,27.7292943],[-18.1590416,27.7290912],[-18.1590077,27.7289392],[-18.1589285,27.7288965],[-18.1587954,27.7289067],[-18.1587208,27.7288712],[-18.1587518,27.7288344],[-18.1587539,27.7288103],[-18.1587471,27.7287835],[-18.1587273,27.7287685],[-18.1585917,27.7287658],[-18.1585805,27.7287318],[-18.158539,27.7287168],[-18.1585983,27.7286103],[-18.1586574,27.7284656],[-18.1586638,27.7282948],[-18.1586154,27.7282612],[-18.1585823,27.728253],[-18.1585512,27.7282593],[-18.1584838,27.7283493],[-18.1584493,27.7283617],[-18.1583806,27.7283527],[-18.1583816,27.7283363],[-18.1584365,27.7282873],[-18.1584616,27.7282421],[-18.1584754,27.7282085],[-18.1584775,27.7280952],[-18.1584943,27.7280778],[-18.1585679,27.7280624],[-18.1586847,27.7280068],[-18.1588555,27.7280238],[-18.15889,27.727984],[-18.1588781,27.7279248],[-18.1588576,27.7278919],[-18.1588254,27.727883],[-18.158714,27.7278893],[-18.1584082,27.7279792],[-18.1583462,27.7279833],[-18.1582958,27.7280446],[-18.1582638,27.7280589],[-18.1582498,27.7280347],[-18.1583034,27.7279412],[-18.1584991,27.7278299],[-18.158507,27.727797],[-18.1584855,27.7277786],[-18.1584417,27.7277706],[-18.1582958,27.7277629],[-18.1581468,27.7277124],[-18.1580663,27.7276808],[-18.1580398,27.7276574],[-18.1580351,27.7276359],[-18.158058,27.7275858],[-18.1582193,27.7274914],[-18.1584541,27.7272956],[-18.158548,27.7272883],[-18.1587156,27.727327],[-18.1589292,27.727326],[-18.1590533,27.7274228],[-18.1590946,27.7274454],[-18.1591427,27.727453],[-18.1592254,27.7274408],[-18.1592908,27.7273792],[-18.1592882,27.727363],[-18.1592204,27.7272672],[-18.1589349,27.7270354],[-18.1589074,27.7269995],[-18.1588794,27.7269271],[-18.1587621,27.7268181],[-18.1587125,27.7267508],[-18.1586173,27.7267369],[-18.1586,27.7266757],[-18.1585295,27.7266105],[-18.1584905,27.7265106],[-18.1582611,27.7263009],[-18.1582573,27.7261224],[-18.158278,27.7260945],[-18.1583383,27.7260639],[-18.1586112,27.725964],[-18.1587764,27.7259287],[-18.158913,27.7259213],[-18.1590125,27.7258873],[-18.1590569,27.7258587],[-18.1591267,27.7257688],[-18.1591595,27.7255787],[-18.1592415,27.7254201],[-18.1593261,27.7253261],[-18.1594259,27.7253351],[-18.1596074,27.7253866],[-18.1599394,27.7255398],[-18.1601009,27.7255463],[-18.1602608,27.725599],[-18.1603113,27.7255764],[-18.1602938,27.7255287],[-18.1601479,27.7254053],[-18.1599821,27.725308],[-18.1598617,27.7252631],[-18.1597415,27.7251944],[-18.1596812,27.7251259],[-18.159644,27.7250137],[-18.1596697,27.7248483],[-18.1596494,27.7246126],[-18.1596961,27.7245564],[-18.1597767,27.7244916],[-18.1597901,27.7244571],[-18.1597863,27.7243682],[-18.1596715,27.7242642],[-18.1596595,27.7242246],[-18.1596637,27.7240325],[-18.159689,27.7239703],[-18.1597218,27.7239201],[-18.1597903,27.7238772],[-18.1600566,27.7238581],[-18.1602214,27.7238024],[-18.1602237,27.723786],[-18.1601962,27.7237226],[-18.1599429,27.7235718],[-18.1598786,27.7235107],[-18.1598495,27.723463],[-18.1598081,27.7233258],[-18.1597988,27.7232237],[-18.1598616,27.723191],[-18.1598696,27.7231713],[-18.1596857,27.7230177],[-18.1596258,27.7229506],[-18.1595378,27.7227965],[-18.1595308,27.7227445],[-18.159558,27.7226864],[-18.1596099,27.7226534],[-18.1599077,27.7225506],[-18.1599648,27.7225065],[-18.1599724,27.7224125],[-18.1598962,27.7222043],[-18.1598445,27.7221384],[-18.1598475,27.7220861],[-18.1599023,27.7220381],[-18.1600468,27.721956],[-18.1600917,27.7219424],[-18.1601142,27.7219046],[-18.1601117,27.7218638],[-18.1600096,27.7217945],[-18.1599314,27.7217039],[-18.1599072,27.7216519],[-18.1599147,27.7215876],[-18.1599571,27.7215373],[-18.1600684,27.7215065],[-18.1600956,27.7214882],[-18.1600828,27.7214495],[-18.1599977,27.7213784],[-18.1599325,27.7212754],[-18.1599152,27.721208],[-18.1599227,27.7211894],[-18.1599837,27.7212016],[-18.1600373,27.7211974],[-18.1600623,27.7211479],[-18.1599014,27.7210671],[-18.1599,27.720919],[-18.1599648,27.7207883],[-18.1599519,27.7206259],[-18.1599572,27.7206023],[-18.1600067,27.7205583],[-18.1599395,27.7200664],[-18.1599415,27.7199531],[-18.1599734,27.7198447],[-18.1599155,27.719742],[-18.1599174,27.7196263],[-18.1599541,27.7195588],[-18.1599825,27.7195335],[-18.1600352,27.7195128],[-18.1600377,27.7192065],[-18.1600651,27.7191441],[-18.160187,27.7189745],[-18.1603123,27.7188601],[-18.1604203,27.7188025],[-18.1605063,27.7187204],[-18.1605117,27.7186273],[-18.1605253,27.7186082],[-18.1605848,27.7185805],[-18.1606169,27.7185353],[-18.1606052,27.7184568],[-18.1605555,27.7183629],[-18.1605509,27.7183156],[-18.1606373,27.7181157],[-18.1606427,27.7180227],[-18.1606849,27.7179203],[-18.1606752,27.7177173],[-18.1606553,27.717645],[-18.1606676,27.7175511],[-18.1607266,27.7173874],[-18.160719,27.7171608],[-18.1607692,27.717074],[-18.1608733,27.7169837]]]}}]}